Date,EUR,USD
2017-01-01,4.5411000000,4.3033000000
2017-01-02,4.5411000000,4.3033000000
2017-01-03,4.5175000000,4.3408000000
2017-01-04,4.5182000000,4.3319000000
2017-01-05,4.5110000000,4.2984000000
2017-01-06,4.5069000000,4.2518000000
2017-01-07,4.5069000000,4.2518000000
2017-01-08,4.5069000000,4.2518000000
2017-01-09,4.5024000000,4.2827000000
2017-01-10,4.4971000000,4.2458000000
2017-01-11,4.4949000000,4.2725000000
2017-01-12,4.4938000000,4.2279000000
2017-01-13,4.4920000000,4.2204000000
2017-01-14,4.4920000000,4.2204000000
2017-01-15,4.4920000000,4.2204000000
2017-01-16,4.5064000000,4.2559000000
2017-01-17,4.5048000000,4.2225000000
2017-01-18,4.4980000000,4.2098000000
2017-01-19,4.4927000000,4.2161000000
2017-01-20,4.4955000000,4.2279000000
2017-01-21,4.4955000000,4.2279000000
2017-01-22,4.4955000000,4.2279000000
2017-01-23,4.4973000000,4.1880000000
2017-01-24,4.4973000000,4.1880000000
2017-01-25,4.4939000000,4.1792000000
2017-01-26,4.4983000000,4.1966000000
2017-01-27,4.5077000000,4.2189000000
2017-01-28,4.5077000000,4.2189000000
2017-01-29,4.5077000000,4.2189000000
2017-01-30,4.5006000000,4.2075000000
2017-01-31,4.5038000000,4.2072000000
2017-02-01,4.5240000000,4.1935000000
2017-02-02,4.5337000000,4.1942000000
2017-02-03,4.5156000000,4.2033000000
2017-02-04,4.5156000000,4.2033000000
2017-02-05,4.5156000000,4.2033000000
2017-02-06,4.5095000000,4.1994000000
2017-02-07,4.4916000000,4.2113000000
2017-02-08,4.4888000000,4.2168000000
2017-02-09,4.4956000000,4.2040000000
2017-02-10,4.5006000000,4.2283000000
2017-02-11,4.5006000000,4.2283000000
2017-02-12,4.5006000000,4.2283000000
2017-02-13,4.5019000000,4.2327000000
2017-02-14,4.5048000000,4.2426000000
2017-02-15,4.5071000000,4.2736000000
2017-02-16,4.5226000000,4.2544000000
2017-02-17,4.5194000000,4.2442000000
2017-02-18,4.5194000000,4.2442000000
2017-02-19,4.5194000000,4.2442000000
2017-02-20,4.5244000000,4.2591000000
2017-02-21,4.5157000000,4.2854000000
2017-02-22,4.5217000000,4.3066000000
2017-02-23,4.5190000000,4.2856000000
2017-02-24,4.5169000000,4.2669000000
2017-02-25,4.5169000000,4.2669000000
2017-02-26,4.5169000000,4.2669000000
2017-02-27,4.5115000000,4.2595000000
2017-02-28,4.5160000000,4.2610000000
2017-03-01,4.5200000000,4.2892000000
2017-03-02,4.5218000000,4.2940000000
2017-03-03,4.5328000000,4.3012000000
2017-03-04,4.5328000000,4.3012000000
2017-03-05,4.5328000000,4.3012000000
2017-03-06,4.5323000000,4.2804000000
2017-03-07,4.5362000000,4.2906000000
2017-03-08,4.5512000000,4.3105000000
2017-03-09,4.5456000000,4.3037000000
2017-03-10,4.5505000000,4.2885000000
2017-03-11,4.5505000000,4.2885000000
2017-03-12,4.5505000000,4.2885000000
2017-03-13,4.5538000000,4.2673000000
2017-03-14,4.5515000000,4.2783000000
2017-03-15,4.5429000000,4.2781000000
2017-03-16,4.5509000000,4.2454000000
2017-03-17,4.5654000000,4.2396000000
2017-03-18,4.5654000000,4.2396000000
2017-03-19,4.5654000000,4.2396000000
2017-03-20,4.5627000000,4.2418000000
2017-03-21,4.5634000000,4.2254000000
2017-03-22,4.5631000000,4.2286000000
2017-03-23,4.5555000000,4.2229000000
2017-03-24,4.5552000000,4.2149000000
2017-03-25,4.5552000000,4.2149000000
2017-03-26,4.5552000000,4.2149000000
2017-03-27,4.5500000000,4.1870000000
2017-03-28,4.5514000000,4.1912000000
2017-03-29,4.5575000000,4.2232000000
2017-03-30,4.5446000000,4.2325000000
2017-03-31,4.5511000000,4.2615000000
2017-04-01,4.5511000000,4.2615000000
2017-04-02,4.5511000000,4.2615000000
2017-04-03,4.5501000000,4.2668000000
2017-04-04,4.5452000000,4.2666000000
2017-04-05,4.5416000000,4.2582000000
2017-04-06,4.5262000000,4.2430000000
2017-04-07,4.5241000000,4.2530000000
2017-04-08,4.5241000000,4.2530000000
2017-04-09,4.5241000000,4.2530000000
2017-04-10,4.5152000000,4.2677000000
2017-04-11,4.5133000000,4.2548000000
2017-04-12,4.5219000000,4.2611000000
2017-04-13,4.5182000000,4.2454000000
2017-04-14,4.5231000000,4.2576000000
2017-04-15,4.5231000000,4.2576000000
2017-04-16,4.5231000000,4.2576000000
2017-04-17,4.5231000000,4.2576000000
2017-04-18,4.5188000000,4.2404000000
2017-04-19,4.5286000000,4.2246000000
2017-04-20,4.5407000000,4.2178000000
2017-04-21,4.5441000000,4.2456000000
2017-04-22,4.5441000000,4.2456000000
2017-04-23,4.5441000000,4.2456000000
2017-04-24,4.5340000000,4.1702000000
2017-04-25,4.5250000000,4.1556000000
2017-04-26,4.5355000000,4.1620000000
2017-04-27,4.5289000000,4.1565000000
2017-04-28,4.5333000000,4.1453000000
2017-04-29,4.5333000000,4.1453000000
2017-04-30,4.5333000000,4.1453000000
2017-05-01,4.5333000000,4.1453000000
2017-05-02,4.5468000000,4.1641000000
2017-05-03,4.5485000000,4.1691000000
2017-05-04,4.5448000000,4.1581000000
2017-05-05,4.5467000000,4.1479000000
2017-05-06,4.5467000000,4.1479000000
2017-05-07,4.5467000000,4.1479000000
2017-05-08,4.5467000000,4.1576000000
2017-05-09,4.5507000000,4.1740000000
2017-05-10,4.5481000000,4.1876000000
2017-05-11,4.5505000000,4.1865000000
2017-05-12,4.5443000000,4.1800000000
2017-05-13,4.5443000000,4.1800000000
2017-05-14,4.5443000000,4.1800000000
2017-05-15,4.5499000000,4.1521000000
2017-05-16,4.5476000000,4.1170000000
2017-05-17,4.5539000000,4.1039000000
2017-05-18,4.5729000000,4.1140000000
2017-05-19,4.5616000000,4.0858000000
2017-05-20,4.5616000000,4.0858000000
2017-05-21,4.5616000000,4.0858000000
2017-05-22,4.5600000000,4.0774000000
2017-05-23,4.5583000000,4.0489000000
2017-05-24,4.5512000000,4.0714000000
2017-05-25,4.5496000000,4.0533000000
2017-05-26,4.5573000000,4.0641000000
2017-05-27,4.5573000000,4.0641000000
2017-05-28,4.5573000000,4.0641000000
2017-05-29,4.5637000000,4.0822000000
2017-05-30,4.5636000000,4.0900000000
2017-05-31,4.5702000000,4.0844000000
2017-06-01,4.5702000000,4.0844000000
2017-06-02,4.5659000000,4.0691000000
2017-06-03,4.5659000000,4.0691000000
2017-06-04,4.5659000000,4.0691000000
2017-06-05,4.5659000000,4.0691000000
2017-06-06,4.5655000000,4.0591000000
2017-06-07,4.5675000000,4.0528000000
2017-06-08,4.5698000000,4.0660000000
2017-06-09,4.5611000000,4.0795000000
2017-06-10,4.5611000000,4.0795000000
2017-06-11,4.5611000000,4.0795000000
2017-06-12,4.5614000000,4.0654000000
2017-06-13,4.5661000000,4.0743000000
2017-06-14,4.5667000000,4.0752000000
2017-06-15,4.5872000000,4.1082000000
2017-06-16,4.5812000000,4.0999000000
2017-06-17,4.5812000000,4.0999000000
2017-06-18,4.5812000000,4.0999000000
2017-06-19,4.5859000000,4.0984000000
2017-06-20,4.5957000000,4.1189000000
2017-06-21,4.5987000000,4.1287000000
2017-06-22,4.5915000000,4.1096000000
2017-06-23,4.5673000000,4.0905000000
2017-06-24,4.5673000000,4.0905000000
2017-06-25,4.5673000000,4.0905000000
2017-06-26,4.5733000000,4.0906000000
2017-06-27,4.5630000000,4.0522000000
2017-06-28,4.5563000000,4.0114000000
2017-06-29,4.5503000000,3.9857000000
2017-06-30,4.5539000000,3.9915000000
2017-07-01,4.5539000000,3.9915000000
2017-07-02,4.5539000000,3.9915000000
2017-07-03,4.5560000000,4.0049000000
2017-07-04,4.5788000000,4.0361000000
2017-07-05,4.5868000000,4.0512000000
2017-07-06,4.5869000000,4.0365000000
2017-07-07,4.5870000000,4.0170000000
2017-07-08,4.5870000000,4.0170000000
2017-07-09,4.5870000000,4.0170000000
2017-07-10,4.5684000000,4.0107000000
2017-07-11,4.5680000000,4.0093000000
2017-07-12,4.5718000000,3.9925000000
2017-07-13,4.5625000000,4.0069000000
2017-07-14,4.5645000000,3.9992000000
2017-07-15,4.5645000000,3.9992000000
2017-07-16,4.5645000000,3.9992000000
2017-07-17,4.5619000000,3.9816000000
2017-07-18,4.5595000000,3.9476000000
2017-07-19,4.5680000000,3.9617000000
2017-07-20,4.5654000000,3.9685000000
2017-07-21,4.5737000000,3.9269000000
2017-07-22,4.5737000000,3.9269000000
2017-07-23,4.5737000000,3.9269000000
2017-07-24,4.5656000000,3.9166000000
2017-07-25,4.5617000000,3.9136000000
2017-07-26,4.5628000000,3.9248000000
2017-07-27,4.5656000000,3.8936000000
2017-07-28,4.5558000000,3.8912000000
2017-07-29,4.5558000000,3.8912000000
2017-07-30,4.5558000000,3.8912000000
2017-07-31,4.5598000000,3.8873000000
2017-08-01,4.5577000000,3.8569000000
2017-08-02,4.5586000000,3.8492000000
2017-08-03,4.5632000000,3.8524000000
2017-08-04,4.5634000000,3.8417000000
2017-08-05,4.5634000000,3.8417000000
2017-08-06,4.5634000000,3.8417000000
2017-08-07,4.5657000000,3.8702000000
2017-08-08,4.5635000000,3.8643000000
2017-08-09,4.5687000000,3.8909000000
2017-08-10,4.5750000000,3.9057000000
2017-08-11,4.5780000000,3.8950000000
2017-08-12,4.5780000000,3.8950000000
2017-08-13,4.5780000000,3.8950000000
2017-08-14,4.5710000000,3.8741000000
2017-08-15,4.5710000000,3.8741000000
2017-08-16,4.5737000000,3.8993000000
2017-08-17,4.5816000000,3.9104000000
2017-08-18,4.5883000000,3.9066000000
2017-08-19,4.5883000000,3.9066000000
2017-08-20,4.5883000000,3.9066000000
2017-08-21,4.5881000000,3.9079000000
2017-08-22,4.5867000000,3.9006000000
2017-08-23,4.5873000000,3.8951000000
2017-08-24,4.5886000000,3.8923000000
2017-08-25,4.5869000000,3.8870000000
2017-08-26,4.5869000000,3.8870000000
2017-08-27,4.5869000000,3.8870000000
2017-08-28,4.5958000000,3.8513000000
2017-08-29,4.5985000000,3.8198000000
2017-08-30,4.5943000000,3.8446000000
2017-08-31,4.5906000000,3.8654000000
2017-09-01,4.5945000000,3.8630000000
2017-09-02,4.5945000000,3.8630000000
2017-09-03,4.5945000000,3.8630000000
2017-09-04,4.5949000000,3.8558000000
2017-09-05,4.5959000000,3.8697000000
2017-09-06,4.5985000000,3.8536000000
2017-09-07,4.5980000000,3.8381000000
2017-09-08,4.5983000000,3.8116000000
2017-09-09,4.5983000000,3.8116000000
2017-09-10,4.5983000000,3.8116000000
2017-09-11,4.5978000000,3.8280000000
2017-09-12,4.5983000000,3.8455000000
2017-09-13,4.5986000000,3.8421000000
2017-09-14,4.5984000000,3.8657000000
2017-09-15,4.5980000000,3.8516000000
2017-09-16,4.5980000000,3.8516000000
2017-09-17,4.5980000000,3.8516000000
2017-09-18,4.5982000000,3.8492000000
2017-09-19,4.5990000000,3.8373000000
2017-09-20,4.5989000000,3.8275000000
2017-09-21,4.5987000000,3.8593000000
2017-09-22,4.5950000000,3.8316000000
2017-09-23,4.5950000000,3.8316000000
2017-09-24,4.5950000000,3.8316000000
2017-09-25,4.5965000000,3.8670000000
2017-09-26,4.5990000000,3.8912000000
2017-09-27,4.5991000000,3.9171000000
2017-09-28,4.5990000000,3.9069000000
2017-09-29,4.5991000000,3.8977000000
2017-09-30,4.5991000000,3.8977000000
2017-10-01,4.5991000000,3.8977000000
2017-10-02,4.5871000000,3.9086000000
2017-10-03,4.5860000000,3.9050000000
2017-10-04,4.5772000000,3.8928000000
2017-10-05,4.5782000000,3.8904000000
2017-10-06,4.5775000000,3.9107000000
2017-10-07,4.5775000000,3.9107000000
2017-10-08,4.5775000000,3.9107000000
2017-10-09,4.5780000000,3.8990000000
2017-10-10,4.5729000000,3.8803000000
2017-10-11,4.5854000000,3.8831000000
2017-10-12,4.5915000000,3.8732000000
2017-10-13,4.5889000000,3.8800000000
2017-10-14,4.5889000000,3.8800000000
2017-10-15,4.5889000000,3.8800000000
2017-10-16,4.5854000000,3.8887000000
2017-10-17,4.5802000000,3.8939000000
2017-10-18,4.5841000000,3.9032000000
2017-10-19,4.5921000000,3.8901000000
2017-10-20,4.5975000000,3.8945000000
2017-10-21,4.5975000000,3.8945000000
2017-10-22,4.5975000000,3.8945000000
2017-10-23,4.5988000000,3.9154000000
2017-10-24,4.5978000000,3.9105000000
2017-10-25,4.5976000000,3.9072000000
2017-10-26,4.5975000000,3.8935000000
2017-10-27,4.5980000000,3.9531000000
2017-10-28,4.5980000000,3.9531000000
2017-10-29,4.5980000000,3.9531000000
2017-10-30,4.5974000000,3.9512000000
2017-10-31,4.5985000000,3.9533000000
2017-11-01,4.5984000000,3.9512000000
2017-11-02,4.5981000000,3.9479000000
2017-11-03,4.5942000000,3.9454000000
2017-11-04,4.5942000000,3.9454000000
2017-11-05,4.5942000000,3.9454000000
2017-11-06,4.5920000000,3.9564000000
2017-11-07,4.5968000000,3.9746000000
2017-11-08,4.6198000000,3.9810000000
2017-11-09,4.6279000000,3.9865000000
2017-11-10,4.6390000000,3.9803000000
2017-11-11,4.6390000000,3.9803000000
2017-11-12,4.6390000000,3.9803000000
2017-11-13,4.6495000000,3.9913000000
2017-11-14,4.6482000000,3.9671000000
2017-11-15,4.6306000000,3.9108000000
2017-11-16,4.6387000000,3.9394000000
2017-11-17,4.6400000000,3.9322000000
2017-11-18,4.6400000000,3.9322000000
2017-11-19,4.6400000000,3.9322000000
2017-11-20,4.6469000000,3.9414000000
2017-11-21,4.6551000000,3.9650000000
2017-11-22,4.6497000000,3.9565000000
2017-11-23,4.6546000000,3.9306000000
2017-11-24,4.6536000000,3.9215000000
2017-11-25,4.6536000000,3.9215000000
2017-11-26,4.6536000000,3.9215000000
2017-11-27,4.6431000000,3.8897000000
2017-11-28,4.6416000000,3.9066000000
2017-11-29,4.6422000000,3.9188000000
2017-11-30,4.6422000000,3.9188000000
2017-12-01,4.6422000000,3.9188000000
2017-12-02,4.6422000000,3.9188000000
2017-12-03,4.6422000000,3.9188000000
2017-12-04,4.6334000000,3.9110000000
2017-12-05,4.6344000000,3.9053000000
2017-12-06,4.6321000000,3.9175000000
2017-12-07,4.6327000000,3.9327000000
2017-12-08,4.6315000000,3.9449000000
2017-12-09,4.6315000000,3.9449000000
2017-12-10,4.6315000000,3.9449000000
2017-12-11,4.6332000000,3.9274000000
2017-12-12,4.6362000000,3.9368000000
2017-12-13,4.6327000000,3.9431000000
2017-12-14,4.6332000000,3.9185000000
2017-12-15,4.6346000000,3.9285000000
2017-12-16,4.6346000000,3.9285000000
2017-12-17,4.6346000000,3.9285000000
2017-12-18,4.6260000000,3.9243000000
2017-12-19,4.6210000000,3.9130000000
2017-12-20,4.6276000000,3.9066000000
2017-12-21,4.6363000000,3.9051000000
2017-12-22,4.6401000000,3.9155000000
2017-12-23,4.6401000000,3.9155000000
2017-12-24,4.6401000000,3.9155000000
2017-12-25,4.6401000000,3.9155000000
2017-12-26,4.6401000000,3.9155000000
2017-12-27,4.6515000000,3.9133000000
2017-12-28,4.6507000000,3.8995000000
2017-12-29,4.6597000000,3.8915000000
2018-01-01,4.6597000000,3.8915000000
2018-01-02,4.6597000000,3.8915000000
2018-01-03,4.6412000000,3.8603000000
2018-01-04,4.6304000000,3.8425000000
2018-01-05,4.6365000000,3.8484000000
2018-01-06,4.6365000000,3.8484000000
2018-01-07,4.6365000000,3.8484000000
2018-01-08,4.6348000000,3.8598000000
2018-01-09,4.6571000000,3.9039000000
2018-01-10,4.6434000000,3.8700000000
2018-01-11,4.6374000000,3.8821000000
2018-01-12,4.6377000000,3.8247000000
2018-01-13,4.6377000000,3.8247000000
2018-01-14,4.6377000000,3.8247000000
2018-01-15,4.6256000000,3.7686000000
2018-01-16,4.6599000000,3.8182000000
2018-01-17,4.6573000000,3.8067000000
2018-01-18,4.6514000000,3.8054000000
2018-01-19,4.6614000000,3.7984000000
2018-01-20,4.6614000000,3.7984000000
2018-01-21,4.6614000000,3.7984000000
2018-01-22,4.6656000000,3.8059000000
2018-01-23,4.6679000000,3.8116000000
2018-01-24,4.6679000000,3.8116000000
2018-01-25,4.6665000000,3.7595000000
2018-01-26,4.6658000000,3.7436000000
2018-01-27,4.6658000000,3.7436000000
2018-01-28,4.6658000000,3.7436000000
2018-01-29,4.6540000000,3.7472000000
2018-01-30,4.6474000000,3.7416000000
2018-01-31,4.6582000000,3.7442000000
2018-02-01,4.6551000000,3.7443000000
2018-02-02,4.6526000000,3.7266000000
2018-02-03,4.6526000000,3.7266000000
2018-02-04,4.6526000000,3.7266000000
2018-02-05,4.6347000000,3.7170000000
2018-02-06,4.6423000000,3.7433000000
2018-02-07,4.6538000000,3.7705000000
2018-02-08,4.6533000000,3.8025000000
2018-02-09,4.6561000000,3.7984000000
2018-02-10,4.6561000000,3.7984000000
2018-02-11,4.6561000000,3.7984000000
2018-02-12,4.6534000000,3.7919000000
2018-02-13,4.6572000000,3.7738000000
2018-02-14,4.6588000000,3.7711000000
2018-02-15,4.6598000000,3.7337000000
2018-02-16,4.6595000000,3.7306000000
2018-02-17,4.6595000000,3.7306000000
2018-02-18,4.6595000000,3.7306000000
2018-02-19,4.6609000000,3.7530000000
2018-02-20,4.6623000000,3.7780000000
2018-02-21,4.6606000000,3.7828000000
2018-02-22,4.6539000000,3.7867000000
2018-02-23,4.6552000000,3.7813000000
2018-02-24,4.6552000000,3.7813000000
2018-02-25,4.6552000000,3.7813000000
2018-02-26,4.6613000000,3.7733000000
2018-02-27,4.6564000000,3.7782000000
2018-02-28,4.6625000000,3.8133000000
2018-03-01,4.6581000000,3.8209000000
2018-03-02,4.6590000000,3.7917000000
2018-03-03,4.6590000000,3.7917000000
2018-03-04,4.6590000000,3.7917000000
2018-03-05,4.6598000000,3.7829000000
2018-03-06,4.6596000000,3.7745000000
2018-03-07,4.6597000000,3.7463000000
2018-03-08,4.6592000000,3.7635000000
2018-03-09,4.6570000000,3.7865000000
2018-03-10,4.6570000000,3.7865000000
2018-03-11,4.6570000000,3.7865000000
2018-03-12,4.6616000000,3.7864000000
2018-03-13,4.6607000000,3.7771000000
2018-03-14,4.6622000000,3.7691000000
2018-03-15,4.6620000000,3.7715000000
2018-03-16,4.6646000000,3.7833000000
2018-03-17,4.6646000000,3.7833000000
2018-03-18,4.6646000000,3.7833000000
2018-03-19,4.6650000000,3.7930000000
2018-03-20,4.6655000000,3.7891000000
2018-03-21,4.6651000000,3.8002000000
2018-03-22,4.6659000000,3.7891000000
2018-03-23,4.6651000000,3.7841000000
2018-03-24,4.6651000000,3.7841000000
2018-03-25,4.6651000000,3.7841000000
2018-03-26,4.6594000000,3.7533000000
2018-03-27,4.6502000000,3.7453000000
2018-03-28,4.6557000000,3.7576000000
2018-03-29,4.6569000000,3.7819000000
2018-03-30,4.6576000000,3.7779000000
2018-03-31,4.6576000000,3.7779000000
2018-04-01,4.6576000000,3.7779000000
2018-04-02,4.6548000000,3.7746000000
2018-04-03,4.6585000000,3.7842000000
2018-04-04,4.6598000000,3.7909000000
2018-04-05,4.6615000000,3.7965000000
2018-04-06,4.6615000000,3.7965000000
2018-04-07,4.6615000000,3.7965000000
2018-04-08,4.6615000000,3.7965000000
2018-04-09,4.6615000000,3.7965000000
2018-04-10,4.6605000000,3.7824000000
2018-04-11,4.6600000000,3.7657000000
2018-04-12,4.6617000000,3.7766000000
2018-04-13,4.6611000000,3.7778000000
2018-04-14,4.6611000000,3.7778000000
2018-04-15,4.6611000000,3.7778000000
2018-04-16,4.6507000000,3.7600000000
2018-04-17,4.6485000000,3.7588000000
2018-04-18,4.6530000000,3.7620000000
2018-04-19,4.6579000000,3.7656000000
2018-04-20,4.6606000000,3.7886000000
2018-04-21,4.6606000000,3.7886000000
2018-04-22,4.6606000000,3.7886000000
2018-04-23,4.6563000000,3.8076000000
2018-04-24,4.6516000000,3.8120000000
2018-04-25,4.6474000000,3.8065000000
2018-04-26,4.6490000000,3.8160000000
2018-04-27,4.6618000000,3.8596000000
2018-04-28,4.6618000000,3.8596000000
2018-04-29,4.6618000000,3.8596000000
2018-04-30,4.6589000000,3.8479000000
2018-05-01,4.6589000000,3.8479000000
2018-05-02,4.6630000000,3.8839000000
2018-05-03,4.6618000000,3.8861000000
2018-05-04,4.6569000000,3.8936000000
2018-05-05,4.6569000000,3.8936000000
2018-05-06,4.6569000000,3.8936000000
2018-05-07,4.6542000000,3.9026000000
2018-05-08,4.6496000000,3.9148000000
2018-05-09,4.6454000000,3.9170000000
2018-05-10,4.6397000000,3.9065000000
2018-05-11,4.6348000000,3.8843000000
2018-05-12,4.6348000000,3.8843000000
2018-05-13,4.6348000000,3.8843000000
2018-05-14,4.6289000000,3.8640000000
2018-05-15,4.6283000000,3.8797000000
2018-05-16,4.6338000000,3.9251000000
2018-05-17,4.6296000000,3.9229000000
2018-05-18,4.6303000000,3.9308000000
2018-05-19,4.6303000000,3.9308000000
2018-05-20,4.6303000000,3.9308000000
2018-05-21,4.6228000000,3.9370000000
2018-05-22,4.6225000000,3.9099000000
2018-05-23,4.6292000000,3.9502000000
2018-05-24,4.6243000000,3.9431000000
2018-05-25,4.6288000000,3.9524000000
2018-05-26,4.6288000000,3.9524000000
2018-05-27,4.6288000000,3.9524000000
2018-05-28,4.6288000000,3.9524000000
2018-05-29,4.6397000000,4.0284000000
2018-05-30,4.6399000000,3.9958000000
2018-05-31,4.6485000000,3.9734000000
2018-06-01,4.6485000000,3.9734000000
2018-06-02,4.6485000000,3.9734000000
2018-06-03,4.6485000000,3.9734000000
2018-06-04,4.6566000000,3.9713000000
2018-06-05,4.6531000000,3.9770000000
2018-06-06,4.6513000000,3.9535000000
2018-06-07,4.6564000000,3.9379000000
2018-06-08,4.6582000000,3.9589000000
2018-06-09,4.6582000000,3.9589000000
2018-06-10,4.6582000000,3.9589000000
2018-06-11,4.6586000000,3.9518000000
2018-06-12,4.6587000000,3.9497000000
2018-06-13,4.6647000000,3.9701000000
2018-06-14,4.6656000000,3.9462000000
2018-06-15,4.6618000000,4.0162000000
2018-06-16,4.6618000000,4.0162000000
2018-06-17,4.6618000000,4.0162000000
2018-06-18,4.6662000000,4.0240000000
2018-06-19,4.6663000000,4.0420000000
2018-06-20,4.6660000000,4.0348000000
2018-06-21,4.6695000000,4.0518000000
2018-06-22,4.6686000000,4.0026000000
2018-06-23,4.6686000000,4.0026000000
2018-06-24,4.6686000000,4.0026000000
2018-06-25,4.6665000000,4.0058000000
2018-06-26,4.6620000000,3.9981000000
2018-06-27,4.6537000000,3.9999000000
2018-06-28,4.6569000000,4.0267000000
2018-06-29,4.6611000000,4.0033000000
2018-06-30,4.6611000000,4.0033000000
2018-07-01,4.6611000000,4.0033000000
2018-07-02,4.6610000000,4.0043000000
2018-07-03,4.6554000000,3.9909000000
2018-07-04,4.6617000000,4.0071000000
2018-07-05,4.6619000000,3.9898000000
2018-07-06,4.6616000000,3.9821000000
2018-07-07,4.6616000000,3.9821000000
2018-07-08,4.6616000000,3.9821000000
2018-07-09,4.6590000000,3.9604000000
2018-07-10,4.6587000000,3.9738000000
2018-07-11,4.6607000000,3.9804000000
2018-07-12,4.6596000000,3.9902000000
2018-07-13,4.6589000000,4.0064000000
2018-07-14,4.6589000000,4.0064000000
2018-07-15,4.6589000000,4.0064000000
2018-07-16,4.6550000000,3.9774000000
2018-07-17,4.6572000000,3.9685000000
2018-07-18,4.6541000000,4.0032000000
2018-07-19,4.6549000000,4.0128000000
2018-07-20,4.6562000000,3.9954000000
2018-07-21,4.6562000000,3.9954000000
2018-07-22,4.6562000000,3.9954000000
2018-07-23,4.6512000000,3.9767000000
2018-07-24,4.6367000000,3.9677000000
2018-07-25,4.6282000000,3.9551000000
2018-07-26,4.6273000000,3.9502000000
2018-07-27,4.6315000000,3.9844000000
2018-07-28,4.6315000000,3.9844000000
2018-07-29,4.6315000000,3.9844000000
2018-07-30,4.6248000000,3.9572000000
2018-07-31,4.6283000000,3.9487000000
2018-08-01,4.6255000000,3.9610000000
2018-08-02,4.6217000000,3.9799000000
2018-08-03,4.6206000000,3.9908000000
2018-08-04,4.6206000000,3.9908000000
2018-08-05,4.6206000000,3.9908000000
2018-08-06,4.6250000000,4.0000000000
2018-08-07,4.6428000000,4.0055000000
2018-08-08,4.6426000000,4.0024000000
2018-08-09,4.6427000000,4.0039000000
2018-08-10,4.6567000000,4.0594000000
2018-08-11,4.6567000000,4.0594000000
2018-08-12,4.6567000000,4.0594000000
2018-08-13,4.6607000000,4.0937000000
2018-08-14,4.6590000000,4.0854000000
2018-08-15,4.6590000000,4.0854000000
2018-08-16,4.6586000000,4.0976000000
2018-08-17,4.6569000000,4.0889000000
2018-08-18,4.6569000000,4.0889000000
2018-08-19,4.6569000000,4.0889000000
2018-08-20,4.6483000000,4.0737000000
2018-08-21,4.6434000000,4.0320000000
2018-08-22,4.6445000000,4.0077000000
2018-08-23,4.6490000000,4.0228000000
2018-08-24,4.6377000000,4.0089000000
2018-08-25,4.6377000000,4.0089000000
2018-08-26,4.6377000000,4.0089000000
2018-08-27,4.6416000000,3.9959000000
2018-08-28,4.6474000000,3.9723000000
2018-08-29,4.6489000000,3.9852000000
2018-08-30,4.6430000000,3.9704000000
2018-08-31,4.6440000000,3.9789000000
2018-09-01,4.6440000000,3.9789000000
2018-09-02,4.6440000000,3.9789000000
2018-09-03,4.6375000000,3.9970000000
2018-09-04,4.6321000000,4.0051000000
2018-09-05,4.6369000000,4.0046000000
2018-09-06,4.6383000000,3.9903000000
2018-09-07,4.6410000000,3.9875000000
2018-09-08,4.6410000000,3.9875000000
2018-09-09,4.6410000000,3.9875000000
2018-09-10,4.6332000000,4.0019000000
2018-09-11,4.6325000000,3.9946000000
2018-09-12,4.6393000000,4.0011000000
2018-09-13,4.6391000000,3.9930000000
2018-09-14,4.6430000000,3.9669000000
2018-09-15,4.6430000000,3.9669000000
2018-09-16,4.6430000000,3.9669000000
2018-09-17,4.6435000000,3.9865000000
2018-09-18,4.6478000000,3.9793000000
2018-09-19,4.6524000000,3.9764000000
2018-09-20,4.6519000000,3.9743000000
2018-09-21,4.6559000000,3.9517000000
2018-09-22,4.6559000000,3.9517000000
2018-09-23,4.6559000000,3.9517000000
2018-09-24,4.6578000000,3.9575000000
2018-09-25,4.6603000000,3.9613000000
2018-09-26,4.6605000000,3.9612000000
2018-09-27,4.6647000000,3.9840000000
2018-09-28,4.6637000000,4.0210000000
2018-09-29,4.6637000000,4.0210000000
2018-09-30,4.6637000000,4.0210000000
2018-10-01,4.6596000000,4.0110000000
2018-10-02,4.6658000000,4.0507000000
2018-10-03,4.6643000000,4.0326000000
2018-10-04,4.6684000000,4.0591000000
2018-10-05,4.6685000000,4.0631000000
2018-10-06,4.6685000000,4.0631000000
2018-10-07,4.6685000000,4.0631000000
2018-10-08,4.6671000000,4.0651000000
2018-10-09,4.6668000000,4.0705000000
2018-10-10,4.6628000000,4.0590000000
2018-10-11,4.6674000000,4.0391000000
2018-10-12,4.6590000000,4.0221000000
2018-10-13,4.6590000000,4.0221000000
2018-10-14,4.6590000000,4.0221000000
2018-10-15,4.6663000000,4.0270000000
2018-10-16,4.6677000000,4.0341000000
2018-10-17,4.6667000000,4.0359000000
2018-10-18,4.6658000000,4.0493000000
2018-10-19,4.6669000000,4.0761000000
2018-10-20,4.6669000000,4.0761000000
2018-10-21,4.6669000000,4.0761000000
2018-10-22,4.6671000000,4.0557000000
2018-10-23,4.6670000000,4.0662000000
2018-10-24,4.6590000000,4.0802000000
2018-10-25,4.6622000000,4.0857000000
2018-10-26,4.6630000000,4.1067000000
2018-10-27,4.6630000000,4.1067000000
2018-10-28,4.6630000000,4.1067000000
2018-10-29,4.6628000000,4.0898000000
2018-10-30,4.6665000000,4.1080000000
2018-10-31,4.6668000000,4.1141000000
2018-11-01,4.6639000000,4.0998000000
2018-11-02,4.6621000000,4.0733000000
2018-11-03,4.6621000000,4.0733000000
2018-11-04,4.6621000000,4.0733000000
2018-11-05,4.6612000000,4.0952000000
2018-11-06,4.6640000000,4.0905000000
2018-11-07,4.6617000000,4.0588000000
2018-11-08,4.6630000000,4.0825000000
2018-11-09,4.6588000000,4.1063000000
2018-11-10,4.6588000000,4.1063000000
2018-11-11,4.6588000000,4.1063000000
2018-11-12,4.6586000000,4.1342000000
2018-11-13,4.6599000000,4.1469000000
2018-11-14,4.6590000000,4.1340000000
2018-11-15,4.6635000000,4.1283000000
2018-11-16,4.6639000000,4.1179000000
2018-11-17,4.6639000000,4.1179000000
2018-11-18,4.6639000000,4.1179000000
2018-11-19,4.6650000000,4.0855000000
2018-11-20,4.6662000000,4.0794000000
2018-11-21,4.6644000000,4.0999000000
2018-11-22,4.6553000000,4.0773000000
2018-11-23,4.6584000000,4.1021000000
2018-11-24,4.6584000000,4.1021000000
2018-11-25,4.6584000000,4.1021000000
2018-11-26,4.6585000000,4.1001000000
2018-11-27,4.6599000000,4.1194000000
2018-11-28,4.6580000000,4.1258000000
2018-11-29,4.6560000000,4.1008000000
2018-11-30,4.6560000000,4.1008000000
2018-12-01,4.6560000000,4.1008000000
2018-12-02,4.6560000000,4.1008000000
2018-12-03,4.6566000000,4.1042000000
2018-12-04,4.6519000000,4.0776000000
2018-12-05,4.6542000000,4.1053000000
2018-12-06,4.6556000000,4.1091000000
2018-12-07,4.6480000000,4.0896000000
2018-12-08,4.6480000000,4.0896000000
2018-12-09,4.6480000000,4.0896000000
2018-12-10,4.6495000000,4.0769000000
2018-12-11,4.6528000000,4.0873000000
2018-12-12,4.6605000000,4.1120000000
2018-12-13,4.6485000000,4.0861000000
2018-12-14,4.6540000000,4.1197000000
2018-12-15,4.6540000000,4.1197000000
2018-12-16,4.6540000000,4.1197000000
2018-12-17,4.6550000000,4.1067000000
2018-12-18,4.6478000000,4.0820000000
2018-12-19,4.6571000000,4.0846000000
2018-12-20,4.6598000000,4.0610000000
2018-12-21,4.6458000000,4.0688000000
2018-12-22,4.6458000000,4.0688000000
2018-12-23,4.6458000000,4.0688000000
2018-12-24,4.6413000000,4.0686000000
2018-12-25,4.6413000000,4.0686000000
2018-12-26,4.6413000000,4.0686000000
2018-12-27,4.6471000000,4.0744000000
2018-12-28,4.6581000000,4.0616000000
2018-12-29,4.6581000000,4.0616000000
2018-12-30,4.6581000000,4.0616000000
2018-12-31,4.6639000000,4.0736000000
2019-01-01,4.6639000000,4.0736000000
2019-01-02,4.6639000000,4.0736000000
2019-01-03,4.6656000000,4.1016000000
2019-01-04,4.6647000000,4.0920000000
2019-01-05,4.6647000000,4.0920000000
2019-01-06,4.6647000000,4.0920000000
2019-01-07,4.6634000000,4.0766000000
2019-01-08,4.6670000000,4.0772000000
2019-01-09,4.6722000000,4.0803000000
2019-01-10,4.6764000000,4.0573000000
2019-01-11,4.6782000000,4.0586000000
2019-01-12,4.6782000000,4.0586000000
2019-01-13,4.6782000000,4.0586000000
2019-01-14,4.6771000000,4.0802000000
2019-01-15,4.6822000000,4.0973000000
2019-01-16,4.6830000000,4.1063000000
2019-01-17,4.6890000000,4.1126000000
2019-01-18,4.6975000000,4.1192000000
2019-01-19,4.6975000000,4.1192000000
2019-01-20,4.6975000000,4.1192000000
2019-01-21,4.7081000000,4.1377000000
2019-01-22,4.7142000000,4.1491000000
2019-01-23,4.7569000000,4.1883000000
2019-01-24,4.7569000000,4.1883000000
2019-01-25,4.7648000000,4.2034000000
2019-01-26,4.7648000000,4.2034000000
2019-01-27,4.7648000000,4.2034000000
2019-01-28,4.7628000000,4.1739000000
2019-01-29,4.7601000000,4.1600000000
2019-01-30,4.7555000000,4.1600000000
2019-01-31,4.7348000000,4.1265000000
2019-02-01,4.7517000000,4.1433000000
2019-02-02,4.7517000000,4.1433000000
2019-02-03,4.7517000000,4.1433000000
2019-02-04,4.7546000000,4.1532000000
2019-02-05,4.7440000000,4.1547000000
2019-02-06,4.7427000000,4.1619000000
2019-02-07,4.7391000000,4.1819000000
2019-02-08,4.7445000000,4.1850000000
2019-02-09,4.7445000000,4.1850000000
2019-02-10,4.7445000000,4.1850000000
2019-02-11,4.7437000000,4.1969000000
2019-02-12,4.7412000000,4.2023000000
2019-02-13,4.7435000000,4.1917000000
2019-02-14,4.7451000000,4.2100000000
2019-02-15,4.7383000000,4.2016000000
2019-02-16,4.7383000000,4.2016000000
2019-02-17,4.7383000000,4.2016000000
2019-02-18,4.7401000000,4.1850000000
2019-02-19,4.7480000000,4.1981000000
2019-02-20,4.7576000000,4.1938000000
2019-02-21,4.7559000000,4.1941000000
2019-02-22,4.7619000000,4.1988000000
2019-02-23,4.7619000000,4.1988000000
2019-02-24,4.7619000000,4.1988000000
2019-02-25,4.7594000000,4.1876000000
2019-02-26,4.7617000000,4.1885000000
2019-02-27,4.7408000000,4.1591000000
2019-02-28,4.7416000000,4.1584000000
2019-03-01,4.7433000000,4.1707000000
2019-03-02,4.7433000000,4.1707000000
2019-03-03,4.7433000000,4.1707000000
2019-03-04,4.7397000000,4.1815000000
2019-03-05,4.7506000000,4.1933000000
2019-03-06,4.7473000000,4.2010000000
2019-03-07,4.7448000000,4.1943000000
2019-03-08,4.7410000000,4.2261000000
2019-03-09,4.7410000000,4.2261000000
2019-03-10,4.7410000000,4.2261000000
2019-03-11,4.7516000000,4.2257000000
2019-03-12,4.7568000000,4.2215000000
2019-03-13,4.7632000000,4.2175000000
2019-03-14,4.7640000000,4.2131000000
2019-03-15,4.7569000000,4.2031000000
2019-03-16,4.7569000000,4.2031000000
2019-03-17,4.7569000000,4.2031000000
2019-03-18,4.7525000000,4.1872000000
2019-03-19,4.7564000000,4.1881000000
2019-03-20,4.7607000000,4.1939000000
2019-03-21,4.7558000000,4.1758000000
2019-03-22,4.7509000000,4.1988000000
2019-03-23,4.7509000000,4.1988000000
2019-03-24,4.7509000000,4.1988000000
2019-03-25,4.7538000000,4.2013000000
2019-03-26,4.7564000000,4.2005000000
2019-03-27,4.7620000000,4.2209000000
2019-03-28,4.7603000000,4.2312000000
2019-03-29,4.7628000000,4.2434000000
2019-03-30,4.7628000000,4.2434000000
2019-03-31,4.7628000000,4.2434000000
2019-04-01,4.7625000000,4.2371000000
2019-04-02,4.7614000000,4.2499000000
2019-04-03,4.7585000000,4.2296000000
2019-04-04,4.7542000000,4.2354000000
2019-04-05,4.7508000000,4.2303000000
2019-04-06,4.7508000000,4.2303000000
2019-04-07,4.7508000000,4.2303000000
2019-04-08,4.7507000000,4.2277000000
2019-04-09,4.7526000000,4.2157000000
2019-04-10,4.7611000000,4.2223000000
2019-04-11,4.7596000000,4.2201000000
2019-04-12,4.7587000000,4.2071000000
2019-04-13,4.7587000000,4.2071000000
2019-04-14,4.7587000000,4.2071000000
2019-04-15,4.7619000000,4.2072000000
2019-04-16,4.7599000000,4.2168000000
2019-04-17,4.7622000000,4.2114000000
2019-04-18,4.7619000000,4.2322000000
2019-04-19,4.7607000000,4.2327000000
2019-04-20,4.7607000000,4.2327000000
2019-04-21,4.7607000000,4.2327000000
2019-04-22,4.7584000000,4.2306000000
2019-04-23,4.7581000000,4.2268000000
2019-04-24,4.7560000000,4.2421000000
2019-04-25,4.7581000000,4.2739000000
2019-04-26,4.7581000000,4.2739000000
2019-04-27,4.7581000000,4.2739000000
2019-04-28,4.7581000000,4.2739000000
2019-04-29,4.7581000000,4.2739000000
2019-04-30,4.7582000000,4.2440000000
2019-05-01,4.7582000000,4.2440000000
2019-05-02,4.7579000000,4.2468000000
2019-05-03,4.7561000000,4.2640000000
2019-05-04,4.7561000000,4.2640000000
2019-05-05,4.7561000000,4.2640000000
2019-05-06,4.7552000000,4.2482000000
2019-05-07,4.7586000000,4.2486000000
2019-05-08,4.7578000000,4.2471000000
2019-05-09,4.7599000000,4.2526000000
2019-05-10,4.7584000000,4.2344000000
2019-05-11,4.7584000000,4.2344000000
2019-05-12,4.7584000000,4.2344000000
2019-05-13,4.7607000000,4.2357000000
2019-05-14,4.7616000000,4.2367000000
2019-05-15,4.7615000000,4.2506000000
2019-05-16,4.7616000000,4.2452000000
2019-05-17,4.7621000000,4.2658000000
2019-05-18,4.7621000000,4.2658000000
2019-05-19,4.7621000000,4.2658000000
2019-05-20,4.7607000000,4.2653000000
2019-05-21,4.7627000000,4.2726000000
2019-05-22,4.7625000000,4.2638000000
2019-05-23,4.7601000000,4.2755000000
2019-05-24,4.7612000000,4.2560000000
2019-05-25,4.7612000000,4.2560000000
2019-05-26,4.7612000000,4.2560000000
2019-05-27,4.7601000000,4.2518000000
2019-05-28,4.7619000000,4.2538000000
2019-05-29,4.7607000000,4.2678000000
2019-05-30,4.7582000000,4.2709000000
2019-05-31,4.7487000000,4.2591000000
2019-06-01,4.7487000000,4.2591000000
2019-06-02,4.7487000000,4.2591000000
2019-06-03,4.7450000000,4.2472000000
2019-06-04,4.7348000000,4.2093000000
2019-06-05,4.7295000000,4.1937000000
2019-06-06,4.7183000000,4.1995000000
2019-06-07,4.7190000000,4.1887000000
2019-06-08,4.7190000000,4.1887000000
2019-06-09,4.7190000000,4.1887000000
2019-06-10,4.7182000000,4.1747000000
2019-06-11,4.7232000000,4.1724000000
2019-06-12,4.7229000000,4.1696000000
2019-06-13,4.7227000000,4.1833000000
2019-06-14,4.7228000000,4.1899000000
2019-06-15,4.7228000000,4.1899000000
2019-06-16,4.7228000000,4.1899000000
2019-06-17,4.7228000000,4.1899000000
2019-06-18,4.7249000000,4.2241000000
2019-06-19,4.7260000000,4.2193000000
2019-06-20,4.7287000000,4.1834000000
2019-06-21,4.7233000000,4.1795000000
2019-06-22,4.7233000000,4.1795000000
2019-06-23,4.7233000000,4.1795000000
2019-06-24,4.7223000000,4.1455000000
2019-06-25,4.7205000000,4.1484000000
2019-06-26,4.7199000000,4.1541000000
2019-06-27,4.7224000000,4.1521000000
2019-06-28,4.7351000000,4.1587000000
2019-06-29,4.7351000000,4.1587000000
2019-06-30,4.7351000000,4.1587000000
2019-07-01,4.7328000000,4.1804000000
2019-07-02,4.7352000000,4.1838000000
2019-07-03,4.7356000000,4.1943000000
2019-07-04,4.7240000000,4.1863000000
2019-07-05,4.7245000000,4.1951000000
2019-07-06,4.7245000000,4.1951000000
2019-07-07,4.7245000000,4.1951000000
2019-07-08,4.7214000000,4.2054000000
2019-07-09,4.7269000000,4.2191000000
2019-07-10,4.7337000000,4.2171000000
2019-07-11,4.7339000000,4.1997000000
2019-07-12,4.7317000000,4.2032000000
2019-07-13,4.7317000000,4.2032000000
2019-07-14,4.7317000000,4.2032000000
2019-07-15,4.7320000000,4.1950000000
2019-07-16,4.7340000000,4.2129000000
2019-07-17,4.7345000000,4.2201000000
2019-07-18,4.7326000000,4.2139000000
2019-07-19,4.7315000000,4.2103000000
2019-07-20,4.7315000000,4.2103000000
2019-07-21,4.7315000000,4.2103000000
2019-07-22,4.7231000000,4.2103000000
2019-07-23,4.7204000000,4.2231000000
2019-07-24,4.7194000000,4.2368000000
2019-07-25,4.7218000000,4.2434000000
2019-07-26,4.7273000000,4.2407000000
2019-07-27,4.7273000000,4.2407000000
2019-07-28,4.7273000000,4.2407000000
2019-07-29,4.7278000000,4.2493000000
2019-07-30,4.7301000000,4.2441000000
2019-07-31,4.7336000000,4.2469000000
2019-08-01,4.7317000000,4.2858000000
2019-08-02,4.7340000000,4.2647000000
2019-08-03,4.7340000000,4.2647000000
2019-08-04,4.7340000000,4.2647000000
2019-08-05,4.7334000000,4.2454000000
2019-08-06,4.7311000000,4.2250000000
2019-08-07,4.7309000000,4.2308000000
2019-08-08,4.7307000000,4.2197000000
2019-08-09,4.7273000000,4.2184000000
2019-08-10,4.7273000000,4.2184000000
2019-08-11,4.7273000000,4.2184000000
2019-08-12,4.7265000000,4.2265000000
2019-08-13,4.7270000000,4.2173000000
2019-08-14,4.7216000000,4.2238000000
2019-08-15,4.7216000000,4.2238000000
2019-08-16,4.7274000000,4.2656000000
2019-08-17,4.7274000000,4.2656000000
2019-08-18,4.7274000000,4.2656000000
2019-08-19,4.7284000000,4.2575000000
2019-08-20,4.7305000000,4.2682000000
2019-08-21,4.7274000000,4.2601000000
2019-08-22,4.7260000000,4.2652000000
2019-08-23,4.7216000000,4.2706000000
2019-08-24,4.7216000000,4.2706000000
2019-08-25,4.7216000000,4.2706000000
2019-08-26,4.7251000000,4.2521000000
2019-08-27,4.7322000000,4.2606000000
2019-08-28,4.7305000000,4.2638000000
2019-08-29,4.7277000000,4.2688000000
2019-08-30,4.7294000000,4.2827000000
2019-08-31,4.7294000000,4.2827000000
2019-09-01,4.7294000000,4.2827000000
2019-09-02,4.7230000000,4.3089000000
2019-09-03,4.7273000000,4.3195000000
2019-09-04,4.7272000000,4.2926000000
2019-09-05,4.7300000000,4.2827000000
2019-09-06,4.7332000000,4.2908000000
2019-09-07,4.7332000000,4.2908000000
2019-09-08,4.7332000000,4.2908000000
2019-09-09,4.7320000000,4.2862000000
2019-09-10,4.7318000000,4.2843000000
2019-09-11,4.7340000000,4.2933000000
2019-09-12,4.7363000000,4.2946000000
2019-09-13,4.7354000000,4.2654000000
2019-09-14,4.7354000000,4.2654000000
2019-09-15,4.7354000000,4.2654000000
2019-09-16,4.7340000000,4.2803000000
2019-09-17,4.7352000000,4.2979000000
2019-09-18,4.7354000000,4.2876000000
2019-09-19,4.7415000000,4.2846000000
2019-09-20,4.7432000000,4.2921000000
2019-09-21,4.7432000000,4.2921000000
2019-09-22,4.7432000000,4.2921000000
2019-09-23,4.7491000000,4.3248000000
2019-09-24,4.7485000000,4.3174000000
2019-09-25,4.7439000000,4.3132000000
2019-09-26,4.7460000000,4.3418000000
2019-09-27,4.7505000000,4.3479000000
2019-09-28,4.7505000000,4.3479000000
2019-09-29,4.7505000000,4.3479000000
2019-09-30,4.7511000000,4.3488000000
2019-10-01,4.7512000000,4.3605000000
2019-10-02,4.7499000000,4.3519000000
2019-10-03,4.7483000000,4.3361000000
2019-10-04,4.7483000000,4.3241000000
2019-10-05,4.7483000000,4.3241000000
2019-10-06,4.7483000000,4.3241000000
2019-10-07,4.7472000000,4.3268000000
2019-10-08,4.7479000000,4.3212000000
2019-10-09,4.7502000000,4.3252000000
2019-10-10,4.7498000000,4.3074000000
2019-10-11,4.7582000000,4.3186000000
2019-10-12,4.7582000000,4.3186000000
2019-10-13,4.7582000000,4.3186000000
2019-10-14,4.7536000000,4.3072000000
2019-10-15,4.7524000000,4.3164000000
2019-10-16,4.7537000000,4.3082000000
2019-10-17,4.7550000000,4.2719000000
2019-10-18,4.7556000000,4.2732000000
2019-10-19,4.7556000000,4.2732000000
2019-10-20,4.7556000000,4.2732000000
2019-10-21,4.7592000000,4.2607000000
2019-10-22,4.7601000000,4.2726000000
2019-10-23,4.7600000000,4.2821000000
2019-10-24,4.7528000000,4.2708000000
2019-10-25,4.7563000000,4.2784000000
2019-10-26,4.7563000000,4.2784000000
2019-10-27,4.7563000000,4.2784000000
2019-10-28,4.7569000000,4.2876000000
2019-10-29,4.7567000000,4.2927000000
2019-10-30,4.7572000000,4.2765000000
2019-10-31,4.7576000000,4.2614000000
2019-11-01,4.7545000000,4.2670000000
2019-11-02,4.7545000000,4.2670000000
2019-11-03,4.7545000000,4.2670000000
2019-11-04,4.7550000000,4.2600000000
2019-11-05,4.7540000000,4.2742000000
2019-11-06,4.7626000000,4.2949000000
2019-11-07,4.7597000000,4.2932000000
2019-11-08,4.7615000000,4.3137000000
2019-11-09,4.7615000000,4.3137000000
2019-11-10,4.7615000000,4.3137000000
2019-11-11,4.7627000000,4.3164000000
2019-11-12,4.7619000000,4.3202000000
2019-11-13,4.7635000000,4.3251000000
2019-11-14,4.7669000000,4.3343000000
2019-11-15,4.7667000000,4.3224000000
2019-11-16,4.7667000000,4.3224000000
2019-11-17,4.7667000000,4.3224000000
2019-11-18,4.7729000000,4.3159000000
2019-11-19,4.7759000000,4.3145000000
2019-11-20,4.7776000000,4.3172000000
2019-11-21,4.7808000000,4.3144000000
2019-11-22,4.7729000000,4.3160000000
2019-11-23,4.7729000000,4.3160000000
2019-11-24,4.7729000000,4.3160000000
2019-11-25,4.7722000000,4.3325000000
2019-11-26,4.7765000000,4.3356000000
2019-11-27,4.7792000000,4.3422000000
2019-11-28,4.7788000000,4.3394000000
2019-11-29,4.7781000000,4.3425000000
2019-11-30,4.7781000000,4.3425000000
2019-12-01,4.7781000000,4.3425000000
2019-12-02,4.7777000000,4.3378000000
2019-12-03,4.7762000000,4.3143000000
2019-12-04,4.7744000000,4.3117000000
2019-12-05,4.7764000000,4.3067000000
2019-12-06,4.7785000000,4.3069000000
2019-12-07,4.7785000000,4.3069000000
2019-12-08,4.7785000000,4.3069000000
2019-12-09,4.7777000000,4.3149000000
2019-12-10,4.7787000000,4.3149000000
2019-12-11,4.7794000000,4.3124000000
2019-12-12,4.7791000000,4.2931000000
2019-12-13,4.7786000000,4.2746000000
2019-12-14,4.7786000000,4.2746000000
2019-12-15,4.7786000000,4.2746000000
2019-12-16,4.7781000000,4.2878000000
2019-12-17,4.7769000000,4.2831000000
2019-12-18,4.7773000000,4.2911000000
2019-12-19,4.7740000000,4.2880000000
2019-12-20,4.7736000000,4.2951000000
2019-12-21,4.7736000000,4.2951000000
2019-12-22,4.7736000000,4.2951000000
2019-12-23,4.7716000000,4.3036000000
2019-12-24,4.7794000000,4.3168000000
2019-12-25,4.7794000000,4.3168000000
2019-12-26,4.7794000000,4.3168000000
2019-12-27,4.7799000000,4.2900000000
2019-12-28,4.7799000000,4.2900000000
2019-12-29,4.7799000000,4.2900000000
2019-12-30,4.7785000000,4.2698000000
2019-12-31,4.7793000000,4.2608000000
2020-01-01,4.7793000000,4.2608000000
2020-01-02,4.7793000000,4.2608000000
2020-01-03,4.7789000000,4.2922000000
2020-01-04,4.7789000000,4.2922000000
2020-01-05,4.7789000000,4.2922000000
2020-01-06,4.7760000000,4.2658000000
2020-01-07,4.7750000000,4.2741000000
2020-01-08,4.7776000000,4.2923000000
2020-01-09,4.7774000000,4.3001000000
2020-01-10,4.7795000000,4.3088000000
2020-01-11,4.7795000000,4.3088000000
2020-01-12,4.7795000000,4.3088000000
2020-01-13,4.7791000000,4.2993000000
2020-01-14,4.7794000000,4.2928000000
2020-01-15,4.7798000000,4.2932000000
2020-01-16,4.7795000000,4.2831000000
2020-01-17,4.7792000000,4.2976000000
2020-01-18,4.7792000000,4.2976000000
2020-01-19,4.7792000000,4.2976000000
2020-01-20,4.7788000000,4.3105000000
2020-01-21,4.7790000000,4.3042000000
2020-01-22,4.7786000000,4.3095000000
2020-01-23,4.7790000000,4.3101000000
2020-01-24,4.7790000000,4.3101000000
2020-01-25,4.7790000000,4.3101000000
2020-01-26,4.7790000000,4.3101000000
2020-01-27,4.7798000000,4.3348000000
2020-01-28,4.7787000000,4.3378000000
2020-01-29,4.7769000000,4.3418000000
2020-01-30,4.7790000000,4.3384000000
2020-01-31,4.7779000000,4.3309000000
2020-02-01,4.7779000000,4.3309000000
2020-02-02,4.7779000000,4.3309000000
2020-02-03,4.7788000000,4.3181000000
2020-02-04,4.7779000000,4.3227000000
2020-02-05,4.7768000000,4.3347000000
2020-02-06,4.7651000000,4.3311000000
2020-02-07,4.7642000000,4.3499000000
2020-02-08,4.7642000000,4.3499000000
2020-02-09,4.7642000000,4.3499000000
2020-02-10,4.7668000000,4.3528000000
2020-02-11,4.7696000000,4.3692000000
2020-02-12,4.7662000000,4.3661000000
2020-02-13,4.7646000000,4.3790000000
2020-02-14,4.7694000000,4.4000000000
2020-02-15,4.7694000000,4.4000000000
2020-02-16,4.7694000000,4.4000000000
2020-02-17,4.7748000000,4.4026000000
2020-02-18,4.7800000000,4.4131000000
2020-02-19,4.7789000000,4.4241000000
2020-02-20,4.7834000000,4.4307000000
2020-02-21,4.8026000000,4.4462000000
2020-02-22,4.8026000000,4.4462000000
2020-02-23,4.8026000000,4.4462000000
2020-02-24,4.8024000000,4.4395000000
2020-02-25,4.8079000000,4.4355000000
2020-02-26,4.8074000000,4.4186000000
2020-02-27,4.8068000000,4.3926000000
2020-02-28,4.8127000000,4.3601000000
2020-02-29,4.8127000000,4.3601000000
2020-03-01,4.8127000000,4.3601000000
2020-03-02,4.8103000000,4.3389000000
2020-03-03,4.8074000000,4.3263000000
2020-03-04,4.8057000000,4.3126000000
2020-03-05,4.8086000000,4.3072000000
2020-03-06,4.8110000000,4.2534000000
2020-03-07,4.8110000000,4.2534000000
2020-03-08,4.8110000000,4.2534000000
2020-03-09,4.8184000000,4.2182000000
2020-03-10,4.8170000000,4.2433000000
2020-03-11,4.8167000000,4.2539000000
2020-03-12,4.8157000000,4.2856000000
2020-03-13,4.8174000000,4.3155000000
2020-03-14,4.8174000000,4.3155000000
2020-03-15,4.8174000000,4.3155000000
2020-03-16,4.8242000000,4.3202000000
2020-03-17,4.8448000000,4.3880000000
2020-03-18,4.8438000000,4.4027000000
2020-03-19,4.8440000000,4.4864000000
2020-03-20,4.8444000000,4.5140000000
2020-03-21,4.8444000000,4.5140000000
2020-03-22,4.8444000000,4.5140000000
2020-03-23,4.8443000000,4.5316000000
2020-03-24,4.8445000000,4.4580000000
2020-03-25,4.8367000000,4.4722000000
2020-03-26,4.8345000000,4.4143000000
2020-03-27,4.8332000000,4.3890000000
2020-03-28,4.8332000000,4.3890000000
2020-03-29,4.8332000000,4.3890000000
2020-03-30,4.8297000000,4.3637000000
2020-03-31,4.8254000000,4.3983000000
2020-04-01,4.8246000000,4.4133000000
2020-04-02,4.8288000000,4.4163000000
2020-04-03,4.8286000000,4.4674000000
2020-04-04,4.8286000000,4.4674000000
2020-04-05,4.8286000000,4.4674000000
2020-04-06,4.8280000000,4.4671000000
2020-04-07,4.8314000000,4.4445000000
2020-04-08,4.8338000000,4.4477000000
2020-04-09,4.8278000000,4.4355000000
2020-04-10,4.8277000000,4.4115000000
2020-04-11,4.8277000000,4.4115000000
2020-04-12,4.8277000000,4.4115000000
2020-04-13,4.8297000000,4.4155000000
2020-04-14,4.8327000000,4.4150000000
2020-04-15,4.8345000000,4.4215000000
2020-04-16,4.8360000000,4.4524000000
2020-04-17,4.8360000000,4.4524000000
2020-04-18,4.8360000000,4.4524000000
2020-04-19,4.8360000000,4.4524000000
2020-04-20,4.8360000000,4.4524000000
2020-04-21,4.8345000000,4.4605000000
2020-04-22,4.8382000000,4.4536000000
2020-04-23,4.8414000000,4.4926000000
2020-04-24,4.8412000000,4.4984000000
2020-04-25,4.8412000000,4.4984000000
2020-04-26,4.8412000000,4.4984000000
2020-04-27,4.8360000000,4.4600000000
2020-04-28,4.8436000000,4.4520000000
2020-04-29,4.8425000000,4.4590000000
2020-04-30,4.8421000000,4.4541000000
2020-05-01,4.8421000000,4.4541000000
2020-05-02,4.8421000000,4.4541000000
2020-05-03,4.8421000000,4.4541000000
2020-05-04,4.8387000000,4.4240000000
2020-05-05,4.8290000000,4.4515000000
2020-05-06,4.8258000000,4.4708000000
2020-05-07,4.8242000000,4.4695000000
2020-05-08,4.8278000000,4.4545000000
2020-05-09,4.8278000000,4.4545000000
2020-05-10,4.8278000000,4.4545000000
2020-05-11,4.8295000000,4.4610000000
2020-05-12,4.8297000000,4.4639000000
2020-05-13,4.8349000000,4.4578000000
2020-05-14,4.8376000000,4.4743000000
2020-05-15,4.8390000000,4.4768000000
2020-05-16,4.8390000000,4.4768000000
2020-05-17,4.8390000000,4.4768000000
2020-05-18,4.8392000000,4.4783000000
2020-05-19,4.8395000000,4.4192000000
2020-05-20,4.8421000000,4.4218000000
2020-05-21,4.8425000000,4.4163000000
2020-05-22,4.8422000000,4.4424000000
2020-05-23,4.8422000000,4.4424000000
2020-05-24,4.8422000000,4.4424000000
2020-05-25,4.8396000000,4.4406000000
2020-05-26,4.8415000000,4.4172000000
2020-05-27,4.8432000000,4.4053000000
2020-05-28,4.8421000000,4.3983000000
2020-05-29,4.8426000000,4.3517000000
2020-05-30,4.8426000000,4.3517000000
2020-05-31,4.8426000000,4.3517000000
2020-06-01,4.8426000000,4.3517000000
2020-06-02,4.8419000000,4.3293000000
2020-06-03,4.8398000000,4.3112000000
2020-06-04,4.8387000000,4.3203000000
2020-06-05,4.8393000000,4.2695000000
2020-06-06,4.8393000000,4.2695000000
2020-06-07,4.8393000000,4.2695000000
2020-06-08,4.8393000000,4.2695000000
2020-06-09,4.8377000000,4.2935000000
2020-06-10,4.8338000000,4.2555000000
2020-06-11,4.8358000000,4.2483000000
2020-06-12,4.8340000000,4.2713000000
2020-06-13,4.8340000000,4.2713000000
2020-06-14,4.8340000000,4.2713000000
2020-06-15,4.8337000000,4.2959000000
2020-06-16,4.8360000000,4.2689000000
2020-06-17,4.8350000000,4.3049000000
2020-06-18,4.8394000000,4.2998000000
2020-06-19,4.8421000000,4.3181000000
2020-06-20,4.8421000000,4.3181000000
2020-06-21,4.8421000000,4.3181000000
2020-06-22,4.8415000000,4.3162000000
2020-06-23,4.8428000000,4.2916000000
2020-06-24,4.8432000000,4.2860000000
2020-06-25,4.8422000000,4.3126000000
2020-06-26,4.8421000000,4.3141000000
2020-06-27,4.8421000000,4.3141000000
2020-06-28,4.8421000000,4.3141000000
2020-06-29,4.8439000000,4.2988000000
2020-06-30,4.8423000000,4.3233000000
2020-07-01,4.8372000000,4.3114000000
2020-07-02,4.8319000000,4.2813000000
2020-07-03,4.8378000000,4.3085000000
2020-07-04,4.8378000000,4.3085000000
2020-07-05,4.8378000000,4.3085000000
2020-07-06,4.8365000000,4.2843000000
2020-07-07,4.8397000000,4.2964000000
2020-07-08,4.8406000000,4.2942000000
2020-07-09,4.8408000000,4.2716000000
2020-07-10,4.8418000000,4.2893000000
2020-07-11,4.8418000000,4.2893000000
2020-07-12,4.8418000000,4.2893000000
2020-07-13,4.8423000000,4.2788000000
2020-07-14,4.8430000000,4.2615000000
2020-07-15,4.8433000000,4.2377000000
2020-07-16,4.8429000000,4.2521000000
2020-07-17,4.8428000000,4.2430000000
2020-07-18,4.8428000000,4.2430000000
2020-07-19,4.8428000000,4.2430000000
2020-07-20,4.8427000000,4.2274000000
2020-07-21,4.8417000000,4.2317000000
2020-07-22,4.8401000000,4.1942000000
2020-07-23,4.8353000000,4.1734000000
2020-07-24,4.8340000000,4.1662000000
2020-07-25,4.8340000000,4.1662000000
2020-07-26,4.8340000000,4.1662000000
2020-07-27,4.8276000000,4.1251000000
2020-07-28,4.8335000000,4.1189000000
2020-07-29,4.8342000000,4.1151000000
2020-07-30,4.8321000000,4.1089000000
2020-07-31,4.8316000000,4.0780000000
2020-08-01,4.8316000000,4.0780000000
2020-08-02,4.8316000000,4.0780000000
2020-08-03,4.8351000000,4.1131000000
2020-08-04,4.8341000000,4.0976000000
2020-08-05,4.8336000000,4.0757000000
2020-08-06,4.8359000000,4.0751000000
2020-08-07,4.8375000000,4.0949000000
2020-08-08,4.8375000000,4.0949000000
2020-08-09,4.8375000000,4.0949000000
2020-08-10,4.8359000000,4.1129000000
2020-08-11,4.8347000000,4.1033000000
2020-08-12,4.8357000000,4.1087000000
2020-08-13,4.8344000000,4.0836000000
2020-08-14,4.8358000000,4.1020000000
2020-08-15,4.8358000000,4.1020000000
2020-08-16,4.8358000000,4.1020000000
2020-08-17,4.8344000000,4.0790000000
2020-08-18,4.8349000000,4.0606000000
2020-08-19,4.8390000000,4.0550000000
2020-08-20,4.8396000000,4.0882000000
2020-08-21,4.8400000000,4.0963000000
2020-08-22,4.8400000000,4.0963000000
2020-08-23,4.8400000000,4.0963000000
2020-08-24,4.8402000000,4.0890000000
2020-08-25,4.8392000000,4.0915000000
2020-08-26,4.8404000000,4.0968000000
2020-08-27,4.8424000000,4.0959000000
2020-08-28,4.8387000000,4.0672000000
2020-08-29,4.8387000000,4.0672000000
2020-08-30,4.8387000000,4.0672000000
2020-08-31,4.8404000000,4.0631000000
2020-09-01,4.8393000000,4.0395000000
2020-09-02,4.8409000000,4.0790000000
2020-09-03,4.8442000000,4.0940000000
2020-09-04,4.8492000000,4.0915000000
2020-09-05,4.8492000000,4.0915000000
2020-09-06,4.8492000000,4.0915000000
2020-09-07,4.8552000000,4.1033000000
2020-09-08,4.8545000000,4.1136000000
2020-09-09,4.8590000000,4.1269000000
2020-09-10,4.8573000000,4.1038000000
2020-09-11,4.8567000000,4.0900000000
2020-09-12,4.8567000000,4.0900000000
2020-09-13,4.8567000000,4.0900000000
2020-09-14,4.8573000000,4.0974000000
2020-09-15,4.8567000000,4.0866000000
2020-09-16,4.8586000000,4.0908000000
2020-09-17,4.8595000000,4.1198000000
2020-09-18,4.8582000000,4.0972000000
2020-09-19,4.8582000000,4.0972000000
2020-09-20,4.8582000000,4.0972000000
2020-09-21,4.8583000000,4.1224000000
2020-09-22,4.8590000000,4.1404000000
2020-09-23,4.8641000000,4.1529000000
2020-09-24,4.8722000000,4.1883000000
2020-09-25,4.8750000000,4.1874000000
2020-09-26,4.8750000000,4.1874000000
2020-09-27,4.8750000000,4.1874000000
2020-09-28,4.8705000000,4.1828000000
2020-09-29,4.8738000000,4.1678000000
2020-09-30,4.8698000000,4.1617000000
2020-10-01,4.8721000000,4.1498000000
2020-10-02,4.8718000000,4.1551000000
2020-10-03,4.8718000000,4.1551000000
2020-10-04,4.8718000000,4.1551000000
2020-10-05,4.8695000000,4.1414000000
2020-10-06,4.8742000000,4.1366000000
2020-10-07,4.8729000000,4.1438000000
2020-10-08,4.8741000000,4.1468000000
2020-10-09,4.8720000000,4.1304000000
2020-10-10,4.8720000000,4.1304000000
2020-10-11,4.8720000000,4.1304000000
2020-10-12,4.8718000000,4.1290000000
2020-10-13,4.8739000000,4.1345000000
2020-10-14,4.8734000000,4.1566000000
2020-10-15,4.8736000000,4.1619000000
2020-10-16,4.8737000000,4.1622000000
2020-10-17,4.8737000000,4.1622000000
2020-10-18,4.8737000000,4.1622000000
2020-10-19,4.8746000000,4.1456000000
2020-10-20,4.8738000000,4.1289000000
2020-10-21,4.8737000000,4.1135000000
2020-10-22,4.8730000000,4.1185000000
2020-10-23,4.8744000000,4.1145000000
2020-10-24,4.8744000000,4.1145000000
2020-10-25,4.8744000000,4.1145000000
2020-10-26,4.8731000000,4.1224000000
2020-10-27,4.8741000000,4.1264000000
2020-10-28,4.8746000000,4.1525000000
2020-10-29,4.8747000000,4.1588000000
2020-10-30,4.8743000000,4.1768000000
2020-10-31,4.8743000000,4.1768000000
2020-11-01,4.8743000000,4.1768000000
2020-11-02,4.8643000000,4.1781000000
2020-11-03,4.8675000000,4.1619000000
2020-11-04,4.8672000000,4.1637000000
2020-11-05,4.8657000000,4.1210000000
2020-11-06,4.8668000000,4.0994000000
2020-11-07,4.8668000000,4.0994000000
2020-11-08,4.8668000000,4.0994000000
2020-11-09,4.8674000000,4.0987000000
2020-11-10,4.8667000000,4.1306000000
2020-11-11,4.8678000000,4.1316000000
2020-11-12,4.8686000000,4.1221000000
2020-11-13,4.8690000000,4.1184000000
2020-11-14,4.8690000000,4.1184000000
2020-11-15,4.8690000000,4.1184000000
2020-11-16,4.8715000000,4.1132000000
2020-11-17,4.8729000000,4.1042000000
2020-11-18,4.8725000000,4.1033000000
2020-11-19,4.8729000000,4.1193000000
2020-11-20,4.8730000000,4.1103000000
2020-11-21,4.8730000000,4.1103000000
2020-11-22,4.8730000000,4.1103000000
2020-11-23,4.8732000000,4.1013000000
2020-11-24,4.8703000000,4.0980000000
2020-11-25,4.8730000000,4.0969000000
2020-11-26,4.8738000000,4.0922000000
2020-11-27,4.8735000000,4.0875000000
2020-11-28,4.8735000000,4.0875000000
2020-11-29,4.8735000000,4.0875000000
2020-11-30,4.8735000000,4.0875000000
2020-12-01,4.8735000000,4.0875000000
2020-12-02,4.8721000000,4.0434000000
2020-12-03,4.8736000000,4.0226000000
2020-12-04,4.8725000000,4.0024000000
2020-12-05,4.8725000000,4.0024000000
2020-12-06,4.8725000000,4.0024000000
2020-12-07,4.8733000000,4.0252000000
2020-12-08,4.8735000000,4.0212000000
2020-12-09,4.8680000000,4.0155000000
2020-12-10,4.8692000000,4.0245000000
2020-12-11,4.8693000000,4.0156000000
2020-12-12,4.8693000000,4.0156000000
2020-12-13,4.8693000000,4.0156000000
2020-12-14,4.8730000000,4.0112000000
2020-12-15,4.8686000000,4.0039000000
2020-12-16,4.8684000000,3.9889000000
2020-12-17,4.8697000000,3.9827000000
2020-12-18,4.8677000000,3.9715000000
2020-12-19,4.8677000000,3.9715000000
2020-12-20,4.8677000000,3.9715000000
2020-12-21,4.8663000000,4.0068000000
2020-12-22,4.8649000000,3.9774000000
2020-12-23,4.8705000000,3.9971000000
2020-12-24,4.8720000000,3.9944000000
2020-12-25,4.8720000000,3.9944000000
2020-12-26,4.8720000000,3.9944000000
2020-12-27,4.8720000000,3.9944000000
2020-12-28,4.8735000000,3.9904000000
2020-12-29,4.8743000000,3.9797000000
2020-12-30,4.8744000000,3.9710000000
2020-12-31,4.8694000000,3.9660000000
2021-01-01,4.8694000000,3.9660000000
2021-01-02,4.8694000000,3.9660000000
2021-01-03,4.8694000000,3.9660000000
2021-01-04,4.8691000000,3.9609000000
2021-01-05,4.8710000000,3.9661000000
2021-01-06,4.8700000000,3.9468000000
2021-01-07,4.8701000000,3.9758000000
2021-01-08,4.8704000000,3.9791000000
2021-01-09,4.8704000000,3.9791000000
2021-01-10,4.8704000000,3.9791000000
2021-01-11,4.8709000000,4.0044000000
2021-01-12,4.8715000000,4.0088000000
2021-01-13,4.8738000000,4.0025000000
2021-01-14,4.8728000000,4.0058000000
2021-01-15,4.8737000000,4.0172000000
2021-01-16,4.8737000000,4.0172000000
2021-01-17,4.8737000000,4.0172000000
2021-01-18,4.8740000000,4.0405000000
2021-01-19,4.8742000000,4.0186000000
2021-01-20,4.8741000000,4.0207000000
2021-01-21,4.8738000000,4.0148000000
2021-01-22,4.8740000000,4.0034000000
2021-01-23,4.8740000000,4.0034000000
2021-01-24,4.8740000000,4.0034000000
2021-01-25,4.8744000000,4.0105000000
2021-01-26,4.8746000000,4.0195000000
2021-01-27,4.8745000000,4.0189000000
2021-01-28,4.8742000000,4.0233000000
2021-01-29,4.8743000000,4.0209000000
2021-01-30,4.8743000000,4.0209000000
2021-01-31,4.8743000000,4.0209000000
2021-02-01,4.8728000000,4.0346000000
2021-02-02,4.8739000000,4.0483000000
2021-02-03,4.8713000000,4.0532000000
2021-02-04,4.8742000000,4.0639000000
2021-02-05,4.8744000000,4.0700000000
2021-02-06,4.8744000000,4.0700000000
2021-02-07,4.8744000000,4.0700000000
2021-02-08,4.8740000000,4.0514000000
2021-02-09,4.8745000000,4.0247000000
2021-02-10,4.8744000000,4.0205000000
2021-02-11,4.8741000000,4.0194000000
2021-02-12,4.8743000000,4.0259000000
2021-02-13,4.8743000000,4.0259000000
2021-02-14,4.8743000000,4.0259000000
2021-02-15,4.8745000000,4.0179000000
2021-02-16,4.8747000000,4.0073000000
2021-02-17,4.8746000000,4.0403000000
2021-02-18,4.8748000000,4.0399000000
2021-02-19,4.8747000000,4.0151000000
2021-02-20,4.8747000000,4.0151000000
2021-02-21,4.8747000000,4.0151000000
2021-02-22,4.8746000000,4.0188000000
2021-02-23,4.8745000000,4.0118000000
2021-02-24,4.8743000000,4.0100000000
2021-02-25,4.8725000000,3.9845000000
2021-02-26,4.8745000000,4.0209000000
2021-02-27,4.8745000000,4.0209000000
2021-02-28,4.8745000000,4.0209000000
2021-03-01,4.8744000000,4.0456000000
2021-03-02,4.8747000000,4.0535000000
2021-03-03,4.8768000000,4.0341000000
2021-03-04,4.8784000000,4.0503000000
2021-03-05,4.8831000000,4.0924000000
2021-03-06,4.8831000000,4.0924000000
2021-03-07,4.8831000000,4.0924000000
2021-03-08,4.8838000000,4.1118000000
2021-03-09,4.8849000000,4.1036000000
2021-03-10,4.8863000000,4.1084000000
2021-03-11,4.8854000000,4.0832000000
2021-03-12,4.8854000000,4.0985000000
2021-03-13,4.8854000000,4.0985000000
2021-03-14,4.8854000000,4.0985000000
2021-03-15,4.8846000000,4.0942000000
2021-03-16,4.8861000000,4.0908000000
2021-03-17,4.8879000000,4.1042000000
2021-03-18,4.8876000000,4.0931000000
2021-03-19,4.8858000000,4.1067000000
2021-03-20,4.8858000000,4.1067000000
2021-03-21,4.8858000000,4.1067000000
2021-03-22,4.8850000000,4.1026000000
2021-03-23,4.8888000000,4.1136000000
2021-03-24,4.8886000000,4.1348000000
2021-03-25,4.8864000000,4.1361000000
2021-03-26,4.8869000000,4.1472000000
2021-03-27,4.8869000000,4.1472000000
2021-03-28,4.8869000000,4.1472000000
2021-03-29,4.8972000000,4.1570000000
2021-03-30,4.9156000000,4.1876000000
2021-03-31,4.9251000000,4.1969000000
2021-04-01,4.9117000000,4.1836000000
2021-04-02,4.9106000000,4.1684000000
2021-04-03,4.9106000000,4.1684000000
2021-04-04,4.9106000000,4.1684000000
2021-04-05,4.9161000000,4.1871000000
2021-04-06,4.9170000000,4.1629000000
2021-04-07,4.9168000000,4.1372000000
2021-04-08,4.9228000000,4.1478000000
2021-04-09,4.9212000000,4.1382000000
2021-04-10,4.9212000000,4.1382000000
2021-04-11,4.9212000000,4.1382000000
2021-04-12,4.9205000000,4.1335000000
2021-04-13,4.9225000000,4.1367000000
2021-04-14,4.9226000000,4.1180000000
2021-04-15,4.9245000000,4.1111000000
2021-04-16,4.9243000000,4.1120000000
2021-04-17,4.9243000000,4.1120000000
2021-04-18,4.9243000000,4.1120000000
2021-04-19,4.9261000000,4.0937000000
2021-04-20,4.9279000000,4.0872000000
2021-04-21,4.9260000000,4.1031000000
2021-04-22,4.9255000000,4.0911000000
2021-04-23,4.9257000000,4.0852000000
2021-04-24,4.9257000000,4.0852000000
2021-04-25,4.9257000000,4.0852000000
2021-04-26,4.9238000000,4.0694000000
2021-04-27,4.9260000000,4.0837000000
2021-04-28,4.9270000000,4.0827000000
2021-04-29,4.9247000000,4.0621000000
2021-04-30,4.9247000000,4.0621000000
2021-05-01,4.9247000000,4.0621000000
2021-05-02,4.9247000000,4.0621000000
2021-05-03,4.9247000000,4.0621000000
2021-05-04,4.9256000000,4.1011000000
2021-05-05,4.9254000000,4.1035000000
2021-05-06,4.9266000000,4.0881000000
2021-05-07,4.9262000000,4.0800000000
2021-05-08,4.9262000000,4.0800000000
2021-05-09,4.9262000000,4.0800000000
2021-05-10,4.9259000000,4.0492000000
2021-05-11,4.9265000000,4.0491000000
2021-05-12,4.9263000000,4.0599000000
2021-05-13,4.9265000000,4.0823000000
2021-05-14,4.9253000000,4.0683000000
2021-05-15,4.9253000000,4.0683000000
2021-05-16,4.9253000000,4.0683000000
2021-05-17,4.9256000000,4.0527000000
2021-05-18,4.9268000000,4.0326000000
2021-05-19,4.9267000000,4.0341000000
2021-05-20,4.9265000000,4.0426000000
2021-05-21,4.9268000000,4.0281000000
2021-05-22,4.9268000000,4.0281000000
2021-05-23,4.9268000000,4.0281000000
2021-05-24,4.9261000000,4.0356000000
2021-05-25,4.9246000000,4.0189000000
2021-05-26,4.9225000000,4.0200000000
2021-05-27,4.9160000000,4.0325000000
2021-05-28,4.9190000000,4.0373000000
2021-05-29,4.9190000000,4.0373000000
2021-05-30,4.9190000000,4.0373000000
2021-05-31,4.9198000000,4.0361000000
2021-06-01,4.9198000000,4.0361000000
2021-06-02,4.9197000000,4.0400000000
2021-06-03,4.9227000000,4.0381000000
2021-06-04,4.9228000000,4.0636000000
2021-06-05,4.9228000000,4.0636000000
2021-06-06,4.9228000000,4.0636000000
2021-06-07,4.9230000000,4.0480000000
2021-06-08,4.9229000000,4.0446000000
2021-06-09,4.9232000000,4.0392000000
2021-06-10,4.9218000000,4.0459000000
2021-06-11,4.9202000000,4.0467000000
2021-06-12,4.9202000000,4.0467000000
2021-06-13,4.9202000000,4.0467000000
2021-06-14,4.9188000000,4.0604000000
2021-06-15,4.9243000000,4.0623000000
2021-06-16,4.9241000000,4.0620000000
2021-06-17,4.9242000000,4.1226000000
2021-06-18,4.9250000000,4.1340000000
2021-06-19,4.9250000000,4.1340000000
2021-06-20,4.9250000000,4.1340000000
2021-06-21,4.9250000000,4.1340000000
2021-06-22,4.9253000000,4.1431000000
2021-06-23,4.9259000000,4.1259000000
2021-06-24,4.9242000000,4.1233000000
2021-06-25,4.9254000000,4.1241000000
2021-06-26,4.9254000000,4.1241000000
2021-06-27,4.9254000000,4.1241000000
2021-06-28,4.9260000000,4.1256000000
2021-06-29,4.9262000000,4.1357000000
2021-06-30,4.9267000000,4.1425000000
2021-07-01,4.9261000000,4.1555000000
2021-07-02,4.9269000000,4.1660000000
2021-07-03,4.9269000000,4.1660000000
2021-07-04,4.9269000000,4.1660000000
2021-07-05,4.9266000000,4.1484000000
2021-07-06,4.9265000000,4.1619000000
2021-07-07,4.9270000000,4.1655000000
2021-07-08,4.9268000000,4.1640000000
2021-07-09,4.9281000000,4.1596000000
2021-07-10,4.9281000000,4.1596000000
2021-07-11,4.9281000000,4.1596000000
2021-07-12,4.9275000000,4.1566000000
2021-07-13,4.9278000000,4.1625000000
2021-07-14,4.9283000000,4.1792000000
2021-07-15,4.9277000000,4.1607000000
2021-07-16,4.9274000000,4.1687000000
2021-07-17,4.9274000000,4.1687000000
2021-07-18,4.9274000000,4.1687000000
2021-07-19,4.9262000000,4.1824000000
2021-07-20,4.9253000000,4.1736000000
2021-07-21,4.9247000000,4.1843000000
2021-07-22,4.9241000000,4.1740000000
2021-07-23,4.9219000000,4.1823000000
2021-07-24,4.9219000000,4.1823000000
2021-07-25,4.9219000000,4.1823000000
2021-07-26,4.9208000000,4.1716000000
2021-07-27,4.9194000000,4.1766000000
2021-07-28,4.9197000000,4.1624000000
2021-07-29,4.9209000000,4.1443000000
2021-07-30,4.9198000000,4.1348000000
2021-07-31,4.9198000000,4.1348000000
2021-08-01,4.9198000000,4.1348000000
2021-08-02,4.9171000000,4.1348000000
2021-08-03,4.9183000000,4.1388000000
2021-08-04,4.9184000000,4.1486000000
2021-08-05,4.9176000000,4.1551000000
2021-08-06,4.9145000000,4.1617000000
2021-08-07,4.9145000000,4.1617000000
2021-08-08,4.9145000000,4.1617000000
2021-08-09,4.9131000000,4.1783000000
2021-08-10,4.9161000000,4.1928000000
2021-08-11,4.9158000000,4.1972000000
2021-08-12,4.9148000000,4.1849000000
2021-08-13,4.9118000000,4.1811000000
2021-08-14,4.9118000000,4.1811000000
2021-08-15,4.9118000000,4.1811000000
2021-08-16,4.9120000000,4.1685000000
2021-08-17,4.9232000000,4.1809000000
2021-08-18,4.9259000000,4.2021000000
2021-08-19,4.9278000000,4.2143000000
2021-08-20,4.9338000000,4.2258000000
2021-08-21,4.9338000000,4.2258000000
2021-08-22,4.9338000000,4.2258000000
2021-08-23,4.9335000000,4.2079000000
2021-08-24,4.9286000000,4.2001000000
2021-08-25,4.9284000000,4.1938000000
2021-08-26,4.9306000000,4.1898000000
2021-08-27,4.9334000000,4.1970000000
2021-08-28,4.9334000000,4.1970000000
2021-08-29,4.9334000000,4.1970000000
2021-08-30,4.9349000000,4.1837000000
2021-08-31,4.9348000000,4.1741000000
2021-09-01,4.9345000000,4.1756000000
2021-09-02,4.9386000000,4.1672000000
2021-09-03,4.9416000000,4.1633000000
2021-09-04,4.9416000000,4.1633000000
2021-09-05,4.9416000000,4.1633000000
2021-09-06,4.9475000000,4.1718000000
2021-09-07,4.9488000000,4.1693000000
2021-09-08,4.9479000000,4.1882000000
2021-09-09,4.9482000000,4.1824000000
2021-09-10,4.9432000000,4.1754000000
2021-09-11,4.9432000000,4.1754000000
2021-09-12,4.9432000000,4.1754000000
2021-09-13,4.9444000000,4.1944000000
2021-09-14,4.9475000000,4.1877000000
2021-09-15,4.9481000000,4.1843000000
2021-09-16,4.9482000000,4.2041000000
2021-09-17,4.9473000000,4.1999000000
2021-09-18,4.9473000000,4.1999000000
2021-09-19,4.9473000000,4.1999000000
2021-09-20,4.9481000000,4.2275000000
2021-09-21,4.9485000000,4.2171000000
2021-09-22,4.9495000000,4.2188000000
2021-09-23,4.9490000000,4.2218000000
2021-09-24,4.9491000000,4.2167000000
2021-09-25,4.9491000000,4.2167000000
2021-09-26,4.9491000000,4.2167000000
2021-09-27,4.9488000000,4.2297000000
2021-09-28,4.9481000000,4.2382000000
2021-09-29,4.9480000000,4.2432000000
2021-09-30,4.9471000000,4.2653000000
2021-10-01,4.9479000000,4.2728000000
2021-10-02,4.9479000000,4.2728000000
2021-10-03,4.9479000000,4.2728000000
2021-10-04,4.9469000000,4.2609000000
2021-10-05,4.9485000000,4.2659000000
2021-10-06,4.9483000000,4.2859000000
2021-10-07,4.9475000000,4.2793000000
2021-10-08,4.9470000000,4.2763000000
2021-10-09,4.9470000000,4.2763000000
2021-10-10,4.9470000000,4.2763000000
2021-10-11,4.9486000000,4.2830000000
2021-10-12,4.9485000000,4.2811000000
2021-10-13,4.9490000000,4.2828000000
2021-10-14,4.9488000000,4.2627000000
2021-10-15,4.9484000000,4.2646000000
2021-10-16,4.9484000000,4.2646000000
2021-10-17,4.9484000000,4.2646000000
2021-10-18,4.9481000000,4.2724000000
2021-10-19,4.9490000000,4.2444000000
2021-10-20,4.9488000000,4.2570000000
2021-10-21,4.9470000000,4.2484000000
2021-10-22,4.9467000000,4.2501000000
2021-10-23,4.9467000000,4.2501000000
2021-10-24,4.9467000000,4.2501000000
2021-10-25,4.9472000000,4.2560000000
2021-10-26,4.9476000000,4.2587000000
2021-10-27,4.9486000000,4.2693000000
2021-10-28,4.9490000000,4.2715000000
2021-10-29,4.9489000000,4.2471000000
2021-10-30,4.9489000000,4.2471000000
2021-10-31,4.9489000000,4.2471000000
2021-11-01,4.9488000000,4.2769000000
2021-11-02,4.9487000000,4.2650000000
2021-11-03,4.9490000000,4.2704000000
2021-11-04,4.9486000000,4.2852000000
2021-11-05,4.9485000000,4.2904000000
2021-11-06,4.9485000000,4.2904000000
2021-11-07,4.9485000000,4.2904000000
2021-11-08,4.9489000000,4.2772000000
2021-11-09,4.9482000000,4.2688000000
2021-11-10,4.9490000000,4.2758000000
2021-11-11,4.9489000000,4.3175000000
2021-11-12,4.9476000000,4.3235000000
2021-11-13,4.9476000000,4.3235000000
2021-11-14,4.9476000000,4.3235000000
2021-11-15,4.9489000000,4.3218000000
2021-11-16,4.9487000000,4.3568000000
2021-11-17,4.9491000000,4.3747000000
2021-11-18,4.9488000000,4.3642000000
2021-11-19,4.9490000000,4.3793000000
2021-11-20,4.9490000000,4.3793000000
2021-11-21,4.9490000000,4.3793000000
2021-11-22,4.9491000000,4.3863000000
2021-11-23,4.9487000000,4.3957000000
2021-11-24,4.9491000000,4.4127000000
2021-11-25,4.9490000000,4.4097000000
2021-11-26,4.9491000000,4.3869000000
2021-11-27,4.9491000000,4.3869000000
2021-11-28,4.9491000000,4.3869000000
2021-11-29,4.9490000000,4.3853000000
2021-11-30,4.9490000000,4.3853000000
2021-12-01,4.9490000000,4.3853000000
2021-12-02,4.9490000000,4.3688000000
2021-12-03,4.9487000000,4.3767000000
2021-12-04,4.9487000000,4.3767000000
2021-12-05,4.9487000000,4.3767000000
2021-12-06,4.9483000000,4.3786000000
2021-12-07,4.9485000000,4.3946000000
2021-12-08,4.9488000000,4.3820000000
2021-12-09,4.9491000000,4.3743000000
2021-12-10,4.9490000000,4.3923000000
2021-12-11,4.9490000000,4.3923000000
2021-12-12,4.9490000000,4.3923000000
2021-12-13,4.9491000000,4.3933000000
2021-12-14,4.9492000000,4.3734000000
2021-12-15,4.9489000000,4.3937000000
2021-12-16,4.9491000000,4.3793000000
2021-12-17,4.9492000000,4.3703000000
2021-12-18,4.9492000000,4.3703000000
2021-12-19,4.9492000000,4.3703000000
2021-12-20,4.9488000000,4.3917000000
2021-12-21,4.9491000000,4.3821000000
2021-12-22,4.9489000000,4.3815000000
2021-12-23,4.9488000000,4.3677000000
2021-12-24,4.9490000000,4.3655000000
2021-12-25,4.9490000000,4.3655000000
2021-12-26,4.9490000000,4.3655000000
2021-12-27,4.9492000000,4.3725000000
2021-12-28,4.9491000000,4.3683000000
2021-12-29,4.9490000000,4.3849000000
2021-12-30,4.9486000000,4.3735000000
2021-12-31,4.9481000000,4.3707000000
2022-01-01,4.9481000000,4.3707000000
2022-01-02,4.9481000000,4.3707000000
2022-01-03,4.9474000000,4.3559000000
2022-01-04,4.9464000000,4.3779000000
2022-01-05,4.9460000000,4.3739000000
2022-01-06,4.9431000000,4.3708000000
2022-01-07,4.9436000000,4.3720000000
2022-01-08,4.9436000000,4.3720000000
2022-01-09,4.9436000000,4.3720000000
2022-01-10,4.9439000000,4.3647000000
2022-01-11,4.9452000000,4.3637000000
2022-01-12,4.9445000000,4.3541000000
2022-01-13,4.9435000000,4.3131000000
2022-01-14,4.9432000000,4.3142000000
2022-01-15,4.9432000000,4.3142000000
2022-01-16,4.9432000000,4.3142000000
2022-01-17,4.9440000000,4.3296000000
2022-01-18,4.9445000000,4.3401000000
2022-01-19,4.9447000000,4.3575000000
2022-01-20,4.9452000000,4.3585000000
2022-01-21,4.9449000000,4.3614000000
2022-01-22,4.9449000000,4.3614000000
2022-01-23,4.9449000000,4.3614000000
2022-01-24,4.9449000000,4.3614000000
2022-01-25,4.9440000000,4.3816000000
2022-01-26,4.9443000000,4.3840000000
2022-01-27,4.9453000000,4.4182000000
2022-01-28,4.9459000000,4.4424000000
2022-01-29,4.9459000000,4.4424000000
2022-01-30,4.9459000000,4.4424000000
2022-01-31,4.9468000000,4.4284000000
2022-02-01,4.9464000000,4.3941000000
2022-02-02,4.9462000000,4.3731000000
2022-02-03,4.9457000000,4.3845000000
2022-02-04,4.9462000000,4.3153000000
2022-02-05,4.9462000000,4.3153000000
2022-02-06,4.9462000000,4.3153000000
2022-02-07,4.9460000000,4.3301000000
2022-02-08,4.9458000000,4.3306000000
2022-02-09,4.9459000000,4.3233000000
2022-02-10,4.9450000000,4.3218000000
2022-02-11,4.9447000000,4.3392000000
2022-02-12,4.9447000000,4.3392000000
2022-02-13,4.9447000000,4.3392000000
2022-02-14,4.9455000000,4.3702000000
2022-02-15,4.9434000000,4.3554000000
2022-02-16,4.9405000000,4.3406000000
2022-02-17,4.9439000000,4.3474000000
2022-02-18,4.9445000000,4.3516000000
2022-02-19,4.9445000000,4.3516000000
2022-02-20,4.9445000000,4.3516000000
2022-02-21,4.9447000000,4.3529000000
2022-02-22,4.9458000000,4.3579000000
2022-02-23,4.9463000000,4.3564000000
2022-02-24,4.9489000000,4.4262000000
2022-02-25,4.9479000000,4.4271000000
2022-02-26,4.9479000000,4.4271000000
2022-02-27,4.9479000000,4.4271000000
2022-02-28,4.9480000000,4.4218000000
2022-03-01,4.9487000000,4.4256000000
2022-03-02,4.9490000000,4.4590000000
2022-03-03,4.9489000000,4.4635000000
2022-03-04,4.9491000000,4.4984000000
2022-03-05,4.9491000000,4.4984000000
2022-03-06,4.9491000000,4.4984000000
2022-03-07,4.9490000000,4.5714000000
2022-03-08,4.9492000000,4.5493000000
2022-03-09,4.9490000000,4.5069000000
2022-03-10,4.9488000000,4.4859000000
2022-03-11,4.9489000000,4.5076000000
2022-03-12,4.9489000000,4.5076000000
2022-03-13,4.9489000000,4.5076000000
2022-03-14,4.9490000000,4.5151000000
2022-03-15,4.9487000000,4.5000000000
2022-03-16,4.9476000000,4.4992000000
2022-03-17,4.9461000000,4.4810000000
2022-03-18,4.9481000000,4.4840000000
2022-03-19,4.9481000000,4.4840000000
2022-03-20,4.9481000000,4.4840000000
2022-03-21,4.9474000000,4.4777000000
2022-03-22,4.9452000000,4.4960000000
2022-03-23,4.9459000000,4.4959000000
2022-03-24,4.9490000000,4.5050000000
2022-03-25,4.9489000000,4.4961000000
2022-03-26,4.9489000000,4.4961000000
2022-03-27,4.9489000000,4.4961000000
2022-03-28,4.9483000000,4.5050000000
2022-03-29,4.9475000000,4.4802000000
2022-03-30,4.9470000000,4.4372000000
2022-03-31,4.9466000000,4.4508000000
2022-04-01,4.9454000000,4.4763000000
2022-04-02,4.9454000000,4.4763000000
2022-04-03,4.9454000000,4.4763000000
2022-04-04,4.9437000000,4.4875000000
2022-04-05,4.9431000000,4.5019000000
2022-04-06,4.9447000000,4.5304000000
2022-04-07,4.9426000000,4.5378000000
2022-04-08,4.9419000000,4.5455000000
2022-04-09,4.9419000000,4.5455000000
2022-04-10,4.9419000000,4.5455000000
2022-04-11,4.9409000000,4.5230000000
2022-04-12,4.9412000000,4.5466000000
2022-04-13,4.9413000000,4.5622000000
2022-04-14,4.9443000000,4.5307000000
2022-04-15,4.9432000000,4.5703000000
2022-04-16,4.9432000000,4.5703000000
2022-04-17,4.9432000000,4.5703000000
2022-04-18,4.9416000000,4.5789000000
2022-04-19,4.9415000000,4.5750000000
2022-04-20,4.9422000000,4.5496000000
2022-04-21,4.9441000000,4.5321000000
2022-04-22,4.9441000000,4.5321000000
2022-04-23,4.9441000000,4.5321000000
2022-04-24,4.9441000000,4.5321000000
2022-04-25,4.9441000000,4.5321000000
2022-04-26,4.9457000000,4.6265000000
2022-04-27,4.9474000000,4.6601000000
2022-04-28,4.9475000000,4.7005000000
2022-04-29,4.9480000000,4.6774000000
2022-04-30,4.9480000000,4.6774000000
2022-05-01,4.9480000000,4.6774000000
2022-05-02,4.9476000000,4.7010000000
2022-05-03,4.9469000000,4.7077000000
2022-05-04,4.9471000000,4.7017000000
2022-05-05,4.9486000000,4.6711000000
2022-05-06,4.9490000000,4.6812000000
2022-05-07,4.9490000000,4.6812000000
2022-05-08,4.9490000000,4.6812000000
2022-05-09,4.9469000000,4.7013000000
2022-05-10,4.9457000000,4.6865000000
2022-05-11,4.9479000000,4.6866000000
2022-05-12,4.9480000000,4.7424000000
2022-05-13,4.9458000000,4.7643000000
2022-05-14,4.9458000000,4.7643000000
2022-05-15,4.9458000000,4.7643000000
2022-05-16,4.9469000000,4.7475000000
2022-05-17,4.9477000000,4.7247000000
2022-05-18,4.9472000000,4.7020000000
2022-05-19,4.9474000000,4.7141000000
2022-05-20,4.9477000000,4.6725000000
2022-05-21,4.9477000000,4.6725000000
2022-05-22,4.9477000000,4.6725000000
2022-05-23,4.9472000000,4.6322000000
2022-05-24,4.9457000000,4.6170000000
2022-05-25,4.9417000000,4.6288000000
2022-05-26,4.9423000000,4.6194000000
2022-05-27,4.9429000000,4.6098000000
2022-05-28,4.9429000000,4.6098000000
2022-05-29,4.9429000000,4.6098000000
2022-05-30,4.9438000000,4.5912000000
2022-05-31,4.9430000000,4.6037000000
2022-06-01,4.9430000000,4.6037000000
2022-06-02,4.9411000000,4.6235000000
2022-06-03,4.9427000000,4.5996000000
2022-06-04,4.9427000000,4.5996000000
2022-06-05,4.9427000000,4.5996000000
2022-06-06,4.9419000000,4.6003000000
2022-06-07,4.9426000000,4.6260000000
2022-06-08,4.9456000000,4.6195000000
2022-06-09,4.9454000000,4.6139000000
2022-06-10,4.9432000000,4.6665000000
2022-06-11,4.9432000000,4.6665000000
2022-06-12,4.9432000000,4.6665000000
2022-06-13,4.9432000000,4.6665000000
2022-06-14,4.9439000000,4.7337000000
2022-06-15,4.9449000000,4.7162000000
2022-06-16,4.9443000000,4.7464000000
2022-06-17,4.9472000000,4.7049000000
2022-06-18,4.9472000000,4.7049000000
2022-06-19,4.9472000000,4.7049000000
2022-06-20,4.9448000000,4.6937000000
2022-06-21,4.9475000000,4.6794000000
2022-06-22,4.9469000000,4.7042000000
2022-06-23,4.9464000000,4.7068000000
2022-06-24,4.9471000000,4.6905000000
2022-06-25,4.9471000000,4.6905000000
2022-06-26,4.9471000000,4.6905000000
2022-06-27,4.9459000000,4.6730000000
2022-06-28,4.9457000000,4.6715000000
2022-06-29,4.9430000000,4.7005000000
2022-06-30,4.9454000000,4.7424000000
2022-07-01,4.9461000000,4.7286000000
2022-07-02,4.9461000000,4.7286000000
2022-07-03,4.9461000000,4.7286000000
2022-07-04,4.9448000000,4.7348000000
2022-07-05,4.9449000000,4.8088000000
2022-07-06,4.9454000000,4.8344000000
2022-07-07,4.9451000000,4.8462000000
2022-07-08,4.9439000000,4.8858000000
2022-07-09,4.9439000000,4.8858000000
2022-07-10,4.9439000000,4.8858000000
2022-07-11,4.9430000000,4.8926000000
2022-07-12,4.9411000000,4.9391000000
2022-07-13,4.9414000000,4.9222000000
2022-07-14,4.9418000000,4.9251000000
2022-07-15,4.9408000000,4.9192000000
2022-07-16,4.9408000000,4.9192000000
2022-07-17,4.9408000000,4.9192000000
2022-07-18,4.9390000000,4.8651000000
2022-07-19,4.9395000000,4.8195000000
2022-07-20,4.9399000000,4.8222000000
2022-07-21,4.9391000000,4.8513000000
2022-07-22,4.9324000000,4.8564000000
2022-07-23,4.9324000000,4.8564000000
2022-07-24,4.9324000000,4.8564000000
2022-07-25,4.9310000000,4.8133000000
2022-07-26,4.9328000000,4.8461000000
2022-07-27,4.9337000000,4.8620000000
2022-07-28,4.9353000000,4.8509000000
2022-07-29,4.9351000000,4.8412000000
2022-07-30,4.9351000000,4.8412000000
2022-07-31,4.9351000000,4.8412000000
2022-08-01,4.9287000000,4.8019000000
2022-08-02,4.9262000000,4.8122000000
2022-08-03,4.9252000000,4.8348000000
2022-08-04,4.9263000000,4.8325000000
2022-08-05,4.9264000000,4.8175000000
2022-08-06,4.9264000000,4.8175000000
2022-08-07,4.9264000000,4.8175000000
2022-08-08,4.9210000000,4.8330000000
2022-08-09,4.9050000000,4.7905000000
2022-08-10,4.9132000000,4.8027000000
2022-08-11,4.9090000000,4.7494000000
2022-08-12,4.8909000000,4.7450000000
2022-08-13,4.8909000000,4.7450000000
2022-08-14,4.8909000000,4.7450000000
2022-08-15,4.8909000000,4.7450000000
2022-08-16,4.8831000000,4.8176000000
2022-08-17,4.8849000000,4.8018000000
2022-08-18,4.8793000000,4.8008000000
2022-08-19,4.8806000000,4.8447000000
2022-08-20,4.8806000000,4.8447000000
2022-08-21,4.8806000000,4.8447000000
2022-08-22,4.8853000000,4.8814000000
2022-08-23,4.8851000000,4.9225000000
2022-08-24,4.8818000000,4.9078000000
2022-08-25,4.8756000000,4.8751000000
2022-08-26,4.8734000000,4.8739000000
2022-08-27,4.8734000000,4.8739000000
2022-08-28,4.8734000000,4.8739000000
2022-08-29,4.8707000000,4.8917000000
2022-08-30,4.8652000000,4.8497000000
2022-08-31,4.8605000000,4.8707000000
2022-09-01,4.8525000000,4.8375000000
2022-09-02,4.8344000000,4.8383000000
2022-09-03,4.8344000000,4.8383000000
2022-09-04,4.8344000000,4.8383000000
2022-09-05,4.8215000000,4.8579000000
2022-09-06,4.8287000000,4.8481000000
2022-09-07,4.8580000000,4.9031000000
2022-09-08,4.8707000000,4.8697000000
2022-09-09,4.8936000000,4.8528000000
2022-09-10,4.8936000000,4.8528000000
2022-09-11,4.8936000000,4.8528000000
2022-09-12,4.9047000000,4.8284000000
2022-09-13,4.9216000000,4.8424000000
2022-09-14,4.9247000000,4.9217000000
2022-09-15,4.9259000000,4.9289000000
2022-09-16,4.9253000000,4.9376000000
2022-09-17,4.9253000000,4.9376000000
2022-09-18,4.9253000000,4.9376000000
2022-09-19,4.9226000000,4.9364000000
2022-09-20,4.9313000000,4.9303000000
2022-09-21,4.9436000000,4.9764000000
2022-09-22,4.9412000000,5.0103000000
2022-09-23,4.9437000000,5.0679000000
2022-09-24,4.9437000000,5.0679000000
2022-09-25,4.9437000000,5.0679000000
2022-09-26,4.9427000000,5.1135000000
2022-09-27,4.9437000000,5.1379000000
2022-09-28,4.9479000000,5.1794000000
